250729; -0,025060; 0,002276; 0,000000; 0,000000; -0,002494; -0,000636; 0,006230; 0,073801
250738; 0,048495; 0,112784; 0,000000; 0,000000; 0,017654; 0,000684; 0,018112; 0,867846
250748; 0,140109; 0,140475; 0,000000; 0,000000; 0,030713; 0,002981; 0,011740; 1,081757
250758; 0,172852; 0,050207; 0,000000; 0,000000; 0,024416; 0,004808; -0,005660; 0,561035
250768; 0,132599; -0,061723; 0,000000; 0,000000; 0,007758; 0,005388; -0,014975; -0,043536
250778; 0,114323; -0,028022; 0,000000; 0,000000; 0,009447; 0,006095; 0,001518; 0,406174
250788; 0,046610; -0,103827; 0,000000; 0,000000; -0,006263; 0,005626; -0,014122; -0,351399
250797; -0,065924; -0,172552; 0,000000; 0,000000; -0,026104; 0,003674; -0,017836; -0,95871
250806; -0,200707; -0,206667; 0,000000; 0,000000; -0,044591; 0,000338; -0,016620; -1,44934
250815; -0,275479; -0,114651; 0,000000; 0,000000; -0,042704; -0,002856; 0,001697; -1,04435
250824; -0,233490; 0,064384; 0,000000; 0,000000; -0,018510; -0,004241; 0,021749; -0,023865
250833; -0,107242; 0,193580; 0,000000; 0,000000; 0,009451; -0,003534; 0,025136; 0,739343
250843; -0,022184; 0,130421; 0,000000; 0,000000; 0,011848; -0,002648; 0,002155; 0,270352
250853; 0,044701; 0,102556; 0,000000; 0,000000; 0,016119; -0,001442; 0,003840; 0,440865
250863; 0,058215; 0,020722; 0,000000; 0,000000; 0,008640; -0,000796; -0,006723; 0,026715
250873; 0,049755; -0,012971; 0,000000; 0,000000; 0,004026; -0,000494; -0,004148; -0,014662
250883; -0,033558; -0,127748; 0,000000; 0,000000; -0,017657; -0,001815; -0,019492; -0,9277
250893; -0,150585; -0,179440; 0,000000; 0,000000; -0,036125; -0,004517; -0,016602; -1,3629
250902; -0,280615; -0,199379; 0,000000; 0,000000; -0,052540; -0,008448; -0,014757; -1,8034
250911; -0,339129; -0,089722; 0,000000; 0,000000; -0,046942; -0,011959; 0,005032; -1,28258
250921; -0,312739; 0,040465; 0,000000; 0,000000; -0,029803; -0,014188; 0,015407; -0,680576
250930; -0,242985; 0,106956; 0,000000; 0,000000; -0,014890; -0,015302; 0,013406; -0,399654
250939; -0,355873; -0,173096; 0,000000; 0,000000; -0,057901; -0,019633; -0,038665; -2,7666
250948; -0,644645; -0,442783; 0,000000; 0,000000; -0,119030; -0,028537; -0,054952; -4,8218
250959; -0,921700; -0,424818; 0,000000; 0,000000; -0,147390; -0,039563; -0,025495; -5,0582
250969; -1,081383; -0,244847; 0,000000; 0,000000; -0,145169; -0,050422; 0,001996; -4,60939
250978; -1,276632; -0,299381; 0,000000; 0,000000; -0,172510; -0,063326; -0,024579; -6,2003
250987; -1,385621; -0,167117; 0,000000; 0,000000; -0,169963; -0,076040; 0,002290; -5,80268
250997; -1,421705; -0,055329; -0,075356; -0,422719; -0,216195; -0,092212; -0,041561; -8,33
251006; -1,390833; 0,047337; -0,075356; -0,422719; -0,201578; -0,107291; 0,013140; -7,0411
251017; -1,212528; 0,273400; -0,075356; -0,422719; -0,157316; -0,119059; 0,039790; -5,6329
251027; -1,260202; -0,073099; -0,075356; -0,422719; -0,200462; -0,134054; -0,038787; -8,88
251036; -1,314060; -0,082582; -0,075356; -0,422719; -0,207396; -0,149568; -0,006233; -8,64
251046; -1,356133; -0,064513; -0,150713; -0,845437; -0,264543; -0,169357; -0,051373; -11,5
251056; -1,361971; -0,008951; -0,150713; -0,422719; -0,212829; -0,185277; 0,046488; -8,371
251066; -1,174788; 0,287014; -0,150713; -0,422719; -0,159944; -0,197241; 0,047542; -7,3724
251076; -1,354704; -0,275871; -0,150713; -0,422719; -0,241251; -0,215288; -0,073092; -12,6
251086; -1,803393; -0,687990; -0,150713; -0,422719; -0,335475; -0,240383; -0,084704; -15,7
251096; -1,434886; 0,565044; -0,226069; -0,845437; -0,212500; -0,256278; 0,110549; -8,5292
251106; -0,985745; 0,688683; -0,226069; -0,422719; -0,103533; -0,264023; 0,097957; -6,4190
251116; -0,946283; 0,060508; -0,301425; -0,845437; -0,222493; -0,280666; -0,106940; -14,52
251126; -0,830928; 0,176879; -0,301425; -0,845437; -0,197128; -0,295412; 0,022802; -11,184
251136; -0,317377; 0,787444; -0,301425; -0,845437; -0,074082; -0,300954; 0,110613; -6,2957
251148; -0,231636; 0,131470; -0,301425; -0,845437; -0,136500; -0,311164; -0,056111; -11,99
251158; 0,167367; 0,611805; -0,301425; -0,422719; 0,006023; -0,310714; 0,128122; -4,203998
251168; 0,857572; 1,058314; -0,301425; -0,422719; 0,130448; -0,300956; 0,111853; -1,396547
251178; 0,929451; 0,110213; -0,301425; 0,000000; 0,080808; -0,294911; -0,044625; -6,160195
251187; 0,609527; -0,490549; -0,301425; 0,000000; -0,019971; -0,296405; -0,090596; -9,6897
251196; 0,888185; 0,427276; -0,376782; -0,422719; 0,056477; -0,292180; 0,068723; -3,975711
251206; 0,498010; -0,598269; -0,376782; -0,422719; -0,098488; -0,299547; -0,139307; -12,79
251216; 0,065015; -0,663925; -0,376782; -0,422719; -0,153070; -0,310998; -0,049067; -12,21
251226; -0,265082; -0,506149; -0,376782; -0,422719; -0,171932; -0,323859; -0,016956; -12,2
251236; -0,471585; -0,316638; -0,376782; -0,422719; -0,173792; -0,336859; -0,001672; -12,1
251246; -0,601813; -0,199683; -0,452138; -0,845437; -0,229764; -0,354046; -0,050317; -15,0
251256; -0,497936; 0,159278; -0,452138; -0,422719; -0,132831; -0,363983; 0,087139; -9,7541
251266; -0,464387; 0,051442; -0,452138; -0,422719; -0,140963; -0,374527; -0,007310; -12,44
251277; -0,198051; 0,408381; -0,452138; -0,422719; -0,072739; -0,379968; 0,061330; -9,3185
251287; -0,480677; -0,433360; -0,527494; -0,845437; -0,250332; -0,398694; -0,159648; -19,2
251297; 0,143255; 0,956696; -0,527494; -0,845437; -0,029881; -0,400929; 0,198176; -5,53888
251307; 0,414211; 0,415465; -0,602851; -0,845437; -0,067713; -0,405994; -0,034010; -12,088
251317; 0,472484; 0,089352; -0,602851; -0,845437; -0,097031; -0,413253; -0,026355; -12,777
251327; 1,296827; 1,263993; -0,602851; -0,845437; 0,121778; -0,404143; 0,196700; -2,039648
251337; 2,070497; 1,186293; -0,602851; -0,845437; 0,197959; -0,389335; 0,068483; -2,926024
251350; 2,323997; 0,388701; -0,602851; -0,422719; 0,184673; -0,375521; -0,011943; -4,82835
251360; 2,575717; 0,385971; -0,602851; -0,422719; 0,211928; -0,359668; 0,024501; -2,934281
251370; 2,004767; -0,875457; -0,602851; 0,000000; 0,057626; -0,355357; -0,138710; -10,3914
251380; 1,504820; -0,766586; -0,602851; 0,000000; 0,014819; -0,354249; -0,038482; -8,99789
251390; 1,453501; -0,078689; -0,678207; -0,422719; 0,029980; -0,352006; 0,013629; -7,34281
251399; 1,185034; -0,411649; -0,678207; -0,422719; -0,035853; -0,354688; -0,059180; -10,70
251409; 1,321244; 0,208855; -0,678207; -0,422719; 0,046977; -0,351174; 0,074461; -5,469906
251418; 1,326665; 0,008312; -0,678207; -0,422719; 0,025619; -0,349258; -0,019200; -8,16281
251428; 1,527248; 0,307560; -0,678207; -0,422719; 0,080331; -0,343249; 0,049183; -5,088916
251439; 1,326389; -0,307984; -0,678207; -0,422719; -0,009033; -0,343924; -0,080334; -10,31
251449; 0,923480; -0,617794; -0,678207; 0,000000; -0,040776; -0,346974; -0,028536; -9,9115
251459; 0,677236; -0,377574; -0,678207; 0,000000; -0,041436; -0,350074; -0,000593; -9,3357
251469; 0,669895; -0,011256; -0,678207; 0,000000; -0,002142; -0,350234; 0,035323; -7,54887
251478; 0,748111; 0,119931; -0,678207; 0,000000; 0,020779; -0,348680; 0,020605; -7,316550
251487; 0,952195; 0,312929; -0,678207; 0,000000; 0,064244; -0,343874; 0,039073; -5,727556
251497; 0,792045; -0,245564; -0,678207; 0,000000; -0,014419; -0,344953; -0,070714; -10,240
251507; 0,443275; -0,534781; -0,678207; 0,000000; -0,084253; -0,351255; -0,062778; -11,863
251517; 0,443661; 0,000592; -0,678207; 0,000000; -0,025609; -0,353171; 0,052719; -7,763348
251526; 0,720917; 0,425126; -0,678207; 0,000000; 0,051209; -0,349340; 0,069056; -5,454162
251538; 0,814843; 0,144021; -0,678207; 0,000000; 0,030721; -0,347042; -0,018418; -7,969993
251547; 1,019157; 0,313281; -0,678207; 0,000000; 0,071612; -0,341685; 0,036760; -5,555079
251559; 1,204672; 0,284456; -0,678207; 0,000000; 0,088763; -0,335045; 0,015418; -5,496757
251568; 1,607968; 0,618387; -0,678207; 0,000000; 0,169460; -0,322369; 0,072543; -1,913468
251577; 1,580458; -0,042182; -0,678207; 0,000000; 0,094143; -0,315327; -0,067707; -6,87835
251586; 1,738693; 0,242628; -0,678207; 0,000000; 0,142639; -0,304657; 0,043596; -2,819583
251596; 1,780053; 0,063419; -0,678207; 0,000000; 0,127550; -0,295116; -0,013564; -4,312626
251605; 1,922743; 0,218791; -0,678207; 0,000000; 0,160176; -0,283134; 0,029329; -2,229262
251614; 1,893348; -0,045073; -0,678207; 0,000000; 0,128076; -0,273554; -0,028857; -4,15082
251623; 2,090376; 0,302109; -0,678207; 0,000000; 0,187645; -0,259517; 0,053550; -0,436242
251633; 2,121297; 0,047413; -0,678207; 0,000000; 0,163151; -0,247313; -0,022019; -2,528134
251642; 2,096507; -0,038013; -0,678207; 0,000000; 0,151086; -0,236011; -0,010845; -2,28024
251652; 2,639616; 0,832767; -0,678207; 0,000000; 0,305851; -0,213132; 0,139127; 5,520115
251662; 2,543592; -0,147236; -0,678207; 0,000000; 0,188069; -0,199064; -0,105881; -2,78278
251672; 3,000207; 0,700143; -0,678207; 0,000000; 0,330804; -0,174319; 0,128313; 6,780905
251682; 3,526209; 0,806537; -0,678207; 0,000000; 0,400026; -0,144396; 0,062228; 7,568051
251693; 3,717454; 0,293242; -0,678207; 0,000000; 0,364774; -0,117109; -0,031690; 5,142272
251703; 3,942155; 0,344542; -0,678207; 0,000000; 0,394985; -0,087563; 0,027159; 7,966218
251712; 4,187324; 0,375925; -0,678207; 0,000000; 0,425257; -0,055752; 0,027213; 9,445647
251721; 4,587127; 0,613032; -0,678207; 0,000000; 0,494973; -0,018726; 0,062672; 12,831393
251730; 5,100007; 0,786417; -0,602851; 0,422719; 0,624611; 0,027997; 0,116539; 18,313011
251740; 5,654468; 0,850173; -0,602851; 0,422719; 0,692281; 0,079782; 0,060833; 19,830833
251750; 6,677880; 1,569233; -0,602851; 0,422719; 0,883012; 0,145834; 0,171459; 28,578705
251760; 7,334032; 1,006099; -0,527494; 0,845437; 0,947713; 0,216727; 0,058163; 29,109592
251770; 8,048618; 1,095699; -0,452138; 1,268156; 1,090258; 0,298282; 0,128143; 36,111496
251780; 8,607836; 0,857467; -0,376782; 1,690875; 1,179913; 0,386544; 0,080596; 39,215515
251789; 10,239741; 2,502256; -0,301425; 1,690875; 1,546828; 0,502252; 0,329842; 56,640999
251799; 13,015326; 4,255896; -0,150713; 2,536312; 2,151636; 0,663202; 0,543697; 79,965103
251811; 11,111861; -2,918646; 0,000000; 3,381750; 1,266996; 0,757978; -0,795255; 29,279016
251821; 6,520864; -7,039529; 0,226069; 4,227187; 0,430680; 0,790194; -0,751813; 11,168134
251831; 2,914842; -5,529233; 0,376782; 4,649906; 0,264050; 0,809946; -0,149794; 22,004814
251841; -4,975598; -12,098676; 0,527494; 5,072625; -1,255961; 0,715996; -1,366427; -45,390
251851; -11,735440; -10,365093; 0,678207; 5,495344; -1,743367; 0,585585; -0,438158; -37,99
251861; -12,959261; -1,876525; 0,753563; 5,072625; -0,986191; 0,511815; 0,680671; 4,911780
251871; -17,582962; -7,089675; 0,753563; 4,227187; -2,155474; 0,350578; -1,051137; -68,000
251883; -18,659618; -1,650873; 0,753563; 2,959031; -1,816806; 0,214674; 0,304449; -30,8972
251893; -16,368168; 3,513557; 0,602851; 1,268156; -1,202265; 0,124740; 0,552446; -12,50186
251904; -14,316784; 3,145455; 0,527494; 0,000000; -1,165074; 0,037589; 0,033433; -26,04885
251914; -13,025867; 1,979406; 0,452138; -1,268156; -1,298467; -0,059541; -0,119915; -35,18
251924; -13,516009; -0,751552; 0,301425; -2,536312; -1,806358; -0,194663; -0,456573; -58,5
251936; -13,466049; 0,076606; 0,226069; -2,959031; -1,764758; -0,326674; 0,037396; -48,905
251947; -14,640648; -1,801052; 0,075356; -3,804469; -2,207897; -0,491832; -0,398363; -73,7
251957; -7,308483; 11,242654; 0,000000; -3,381750; 0,060468; -0,487309; 2,039166; 38,38870
251967; -0,287218; 10,765940; -0,226069; -4,227187; 0,659547; -0,437973; 0,538548; 18,0981
251978; 7,398001; 11,784003; -0,301425; -4,227187; 1,603960; -0,317991; 0,848988; 50,83232
251988; 14,309159; 10,597109; -0,376782; -3,804469; 2,268561; -0,148294; 0,597448; 64,7074
251998; 17,742264; 5,264093; -0,301425; -2,959031; 2,161386; 0,013385; -0,096345; 49,48633
252008; 18,859791; 1,713540; -0,301425; -2,113594; 1,987609; 0,162066; -0,156219; 47,46323
252019; 18,689941; -0,260434; -0,150713; -0,845437; 1,908255; 0,304810; -0,071336; 50,9935
252029; 16,324331; -3,627269; 0,000000; 1,268156; 1,528633; 0,419157; -0,341265; 38,250599
252039; 17,940626; 2,478317; 0,150713; 2,536312; 2,529179; 0,608349; 0,899450; 96,118523
252049; 20,786478; 4,363640; 0,301425; 3,804469; 3,202363; 0,847897; 0,605164; 110,843430
252059; 20,178696; -0,931934; 0,452138; 4,227187; 2,618949; 1,043804; -0,524465; 74,721153
252069; 14,997904; -7,943879; 0,753563; 5,918062; 1,502410; 1,156189; -1,003723; 39,401817
252079; 9,308154; -8,724284; 0,979632; 6,340781; 0,865203; 1,220910; -0,572823; 36,030712
252089; -1,652242; -16,805943; 1,205701; 6,763499; -1,148124; 1,135026; -1,809898; -43,404
252099; -9,944054; -12,714111; 1,507127; 7,608937; -1,482319; 1,024143; -0,300427; -18,061
252109; -14,318997; -6,708246; 1,657839; 7,608937; -1,287301; 0,927848; 0,175313; -4,38428
252119; -19,296671; -7,632435; 1,733196; 7,186219; -1,971341; 0,780385; -0,614924; -42,997
252129; -21,308781; -3,085234; 1,808552; 5,918062; -1,824414; 0,643912; 0,132081; -24,9623
252139; -19,714066; 2,445229; 1,808552; 4,649906; -1,183304; 0,555397; 0,576331; -1,228008
252149; -18,933132; 1,197432; 1,733196; 2,959031; -1,427739; 0,448597; -0,219736; -28,5447
252159; -16,571228; 3,621588; 1,733196; 1,268156; -1,088940; 0,367140; 0,304566; -9,934128
252169; -13,902005; 4,092807; 1,733196; 0,422719; -0,837729; 0,304475; 0,225828; -7,319642
252179; -11,054278; 4,366515; 1,657839; -0,422719; -0,596846; 0,259829; 0,216543; -2,86843
252189; -8,091785; 4,542489; 1,657839; -0,845437; -0,299580; 0,237419; 0,267230; 4,882581
252199; -5,138374; 4,528564; 1,657839; -0,845437; 0,022176; 0,239078; 0,289245; 13,107124
252209; -2,426495; 4,158215; 1,733196; 0,000000; 0,379270; 0,267449; 0,321013; 23,041218
252218; -0,428127; 3,064165; 1,733196; 0,000000; 0,478256; 0,303224; 0,088985; 20,725370
252228; 1,926678; 3,610701; 1,808552; 0,422719; 0,850356; 0,366834; 0,334502; 36,945065
252238; 4,678293; 4,219143; 1,883908; 1,268156; 1,318938; 0,465495; 0,421236; 52,515934
252249; 7,256267; 3,952893; 1,959265; 1,690875; 1,626499; 0,587163; 0,276484; 59,289196
252259; 9,168001; 2,931327; 2,034621; 2,113594; 1,778456; 0,720198; 0,136603; 62,744221
252269; 11,186609; 3,095199; 2,185334; 2,536312; 2,080118; 0,875798; 0,271182; 76,835670
252279; 14,164313; 4,565812; 2,336046; 3,381750; 2,676069; 1,075978; 0,535736; 102,090073
252289; 17,022831; 4,383061; 2,562115; 4,227187; 3,086246; 1,306840; 0,368732; 113,376610
252301; 13,567657; -5,297934; 2,863541; 5,495344; 1,820167; 1,442995; -1,138152; 50,595478
252311; 11,147068; -3,711570; 3,164966; 6,763499; 1,900660; 1,585171; 0,072359; 84,718811
252321; 4,083745; -10,830427; 3,466391; 8,031655; 0,520084; 1,624075; -1,241080; 21,501902
252331; -2,708747; -10,415156; 3,767817; 8,877093; -0,052431; 1,620153; -0,514667; 25,0727
252341; -11,230676; -13,066957; 3,993886; 9,299812; -1,204491; 1,530053; -1,035655; -16,90
252351; -18,185480; -10,664035; 4,219955; 9,299812; -1,677994; 1,404533; -0,425660; -16,64
252361; -27,832308; -14,791803; 4,370667; 8,454374; -3,261806; 1,160538; -1,423782; -83,92
252372; -33,165630; -8,177758; 4,521380; 7,608937; -3,197663; 0,921342; 0,057662; -52,8252
252382; -38,634296; -8,385289; 4,521380; 5,918062; -4,004062; 0,621824; -0,724920; -97,789
252392; -43,952339; -8,154335; 4,521380; 4,227187; -4,745978; 0,266807; -0,666952; -122,52
252402; -45,319691; -2,096605; 4,370667; 2,113594; -4,480421; -0,068344; 0,238725; -102,61
252412; -44,666592; 1,001420; 4,144598; -0,422719; -4,372193; -0,395400; 0,097292; -111,19
252422; -45,855427; -1,822884; 3,918530; -2,536312; -5,067571; -0,774472; -0,625116; -153,
252432; -56,172688; -15,819800; 3,617105; -5,072625; -8,039619; -1,375864; -2,671748; -287
252442; -51,649345; 6,935791; 3,315679; -6,763499; -5,271745; -1,770210; 2,488204; -108,42
252452; -37,947510; 21,009481; 3,014253; -8,454374; -2,449512; -1,953442; 2,537070; -44,42
252462; -24,602894; 20,461748; 2,562115; -10,145249; -1,283340; -2,049440; 1,048341; -54,3
252472; -14,303533; 15,792354; 2,260690; -10,567967; -0,746348; -2,105270; 0,482733; -56,4
252482; -10,698462; 5,527774; 1,959265; -10,990687; -1,554563; -2,221557; -0,726552; -107,
252492; -4,612332; 9,332067; 1,657839; -10,990687; -0,504951; -2,259329; 0,943558; -43,350
252502; 1,487944; 9,353758; 1,281058; -11,413405; 0,077646; -2,253521; 0,523731; -39,33676
252515; 10,137863; 13,263208; 0,904276; -11,836124; 1,364881; -2,151423; 1,157171; 8,82451
252526; 20,983686; 16,630262; 0,602851; -10,990687; 2,980170; -1,928496; 1,452078; 59,6131
252536; 30,765907; 14,999406; 0,301425; -10,990687; 3,839425; -1,641293; 0,772434; 70,7277
252546; 32,959957; 3,364211; 0,226069; -9,722530; 2,936561; -1,421628; -0,811637; 16,74515
252556; 38,413403; 8,361951; 0,150713; -8,454374; 4,211111; -1,106622; 1,145768; 101,19659
252568; 37,803101; -0,935797; 0,150713; -6,340781; 3,357930; -0,855436; -0,766975; 41,3218
252580; 35,499260; -3,532558; 0,226069; -3,804469; 3,107384; -0,622993; -0,225230; 53,7895
252590; 32,662453; -4,349767; 0,301425; -1,690875; 2,947018; -0,402545; -0,144162; 57,1502
252600; 28,526405; -6,341941; 0,452138; 0,845437; 2,570344; -0,210275; -0,338614; 48,12989
252610; 26,377039; -3,295696; 0,527494; 1,690875; 2,769306; -0,003121; 0,178859; 70,120117
252620; 26,026140; -0,538043; 0,678207; 2,959031; 3,188059; 0,235358; 0,376441; 90,472824
252630; 26,865808; 1,287490; 0,828920; 3,804469; 3,588831; 0,503815; 0,360277; 106,021965
252640; 15,179397; -17,919165; 0,979632; 4,227187; 0,270043; 0,524015; -2,983452; -52,1284
252650; 7,436357; -11,872663; 1,205701; 5,072625; 0,201628; 0,539098; -0,061503; 16,171957
252660; -4,669782; -18,562748; 1,356414; 5,072625; -1,839310; 0,401511; -1,834718; -77,917
252670; -15,171516; -16,102661; 1,507127; 5,495344; -2,656781; 0,202774; -0,734872; -75,92
252680; -21,594763; -9,848979; 1,507127; 4,649906; -2,767883; -0,004273; -0,099876; -68,38
252692; -25,786648; -6,427557; 1,431770; 3,381750; -2,999279; -0,228630; -0,208015; -81,80
252702; -23,020470; 4,241474; 1,281058; 1,690875; -1,730241; -0,358058; 1,140812; -22,5592
252712; -22,622780; 0,609790; 1,130345; -0,422719; -2,332085; -0,532507; -0,541033; -81,08
252722; -20,437902; 3,350148; 0,979632; -2,113594; -1,994549; -0,681706; 0,303431; -56,495
252732; -25,042130; -7,059817; 0,828920; -3,804469; -3,839583; -0,968921; -1,658609; -153,
252742; -26,719200; -2,571509; 0,602851; -5,072625; -3,695423; -1,245352; 0,129594; -114,5
252752; -26,276779; 0,678380; 0,452138; -5,495344; -3,354030; -1,496245; 0,306898; -108,17
252762; -15,084394; 17,161657; 0,150713; -6,340781; -0,450188; -1,529921; 2,610434; 15,007
252776; -4,359669; 16,444580; -0,301425; -8,031655; 0,410675; -1,499201; 0,773880; -7,4915
252786; 5,717692; 15,451955; -0,527494; -8,454374; 1,334074; -1,399407; 0,830097; 18,20867
252796; 15,760020; 15,398238; -0,678207; -8,454374; 2,410931; -1,219061; 0,968049; 51,4266
252806; 23,090641; 11,240285; -0,828920; -8,031655; 2,787985; -1,010510; 0,338956; 50,3912
252816; 29,928547; 10,484792; -0,904276; -7,608937; 3,491788; -0,749311; 0,632690; 80,3610
252827; 32,954697; 4,640095; -0,828920; -5,495344; 3,422872; -0,493268; -0,061952; 68,2774
252838; 35,111195; 3,306633; -0,753563; -2,536312; 3,845106; -0,205641; 0,379571; 95,69133
252848; 33,931839; -1,808347; -0,602851; -0,422719; 3,403979; 0,048989; -0,396555; 72,7717
252858; 31,196844; -4,193659; -0,376782; 1,690875; 3,099609; 0,280851; -0,273616; 73,97248
252868; 36,181931; 7,643798; -0,150713; 3,804469; 5,197105; 0,669613; 1,885562; 184,578079
252878; 42,927994; 10,343964; 0,075356; 5,495344; 6,440917; 1,151417; 1,118136; 207,392120
252888; 39,248169; -5,642395; 0,301425; 6,340781; 4,405544; 1,480967; -1,829716; 96,590363
252898; 30,293140; -13,731047; 0,602851; 7,608937; 2,711749; 1,683815; -1,522652; 68,40268
252908; 18,953680; -17,387173; 0,979632; 8,877093; 1,250387; 1,777349; -1,313704; 40,81029
252919; 11,295911; -11,741913; 1,356414; 9,722530; 1,163882; 1,864411; -0,077765; 70,25067
252929; 4,781246; -9,989153; 1,657839; 10,145249; 0,721909; 1,918413; -0,397316; 53,404896
252942; -2,009959; -10,413180; 2,034621; 10,990687; 0,065914; 1,923343; -0,589712; 33,3224
252952; -6,571996; -6,995124; 2,260690; 10,990687; -0,034561; 1,920758; -0,090323; 42,7589
252962; -10,942457; -6,701374; 2,562115; 10,990687; -0,447804; 1,887261; -0,371488; 25,427
252972; -15,044475; -6,289761; 2,788184; 10,145249; -0,919552; 1,818475; -0,424082; 11,305
252982; -19,498199; -6,829044; 3,014253; 9,299812; -1,533882; 1,703735; -0,552258; -9,1048
252992; -23,361811; -5,924204; 3,240323; 8,877093; -1,879275; 1,563159; -0,310493; -14,919
253002; -25,187700; -2,799699; 3,391035; 7,608937; -1,859444; 1,424066; 0,017827; -9,94168
253012; -27,417305; -3,418726; 3,466391; 6,763499; -2,255548; 1,255343; -0,356081; -32,292
253022; -27,176380; 0,369418; 3,617105; 5,918062; -1,890571; 1,113921; 0,328100; -10,67976
253032; -27,076820; 0,152659; 3,617105; 4,649906; -2,042212; 0,961156; -0,136319; -28,9851
253042; -24,995651; 3,191126; 3,617105; 3,381750; -1,620629; 0,839928; 0,378986; -9,564651
253052; -21,433939; 5,461293; 3,617105; 2,113594; -1,121084; 0,756067; 0,449070; 2,001261
253063; -17,893002; 5,429436; 3,617105; 1,268156; -0,829521; 0,694015; 0,262103; 3,014206
253073; -15,142356; 4,217658; 3,617105; 0,845437; -0,707348; 0,641103; 0,109829; 1,037734
253083; -13,244913; 2,909411; 3,617105; 0,000000; -0,735396; 0,586093; -0,025214; -4,15516
253092; -11,921161; 2,029754; 3,617105; 0,000000; -0,686785; 0,534719; 0,043699; -2,580171
253102; -10,973370; 1,453281; 3,617105; 0,000000; -0,646141; 0,486385; 0,036538; -2,933752
253111; -10,422391; 0,844834; 3,617105; 0,000000; -0,652431; 0,437581; -0,005655; -5,25011
253121; -9,488188; 1,432446; 3,617105; 0,000000; -0,485853; 0,401238; 0,149747; 1,550738
253131; -8,704405; 1,201800; 3,617105; 0,000000; -0,425307; 0,369423; 0,054429; -0,034643
253141; -6,418712; 3,504730; 3,617105; 0,000000; 0,076964; 0,375180; 0,451521; 21,515827
253151; -4,554148; 2,858998; 3,617105; 0,000000; 0,210377; 0,390917; 0,119933; 17,172081
253161; -3,404171; 1,763299; 3,692461; 0,422719; 0,270838; 0,411177; 0,054352; 17,532526
253171; -2,272031; 1,735948; 3,692461; 0,422719; 0,391768; 0,440483; 0,108711; 22,403854
253181; -2,124925; 0,225562; 3,692461; 0,422719; 0,242543; 0,458626; -0,134147; 13,500526
253192; -2,059496; 0,100325; 3,767817; 0,845437; 0,290516; 0,480357; 0,043126; 19,380924
253204; -2,268983; -0,321213; 3,767817; 0,845437; 0,221444; 0,496922; -0,062093; 15,625551
253214; -0,998749; 1,947693; 3,767817; 0,845437; 0,608838; 0,542465; 0,348251; 35,703693
253225; -0,258465; 1,135102; 3,767817; 0,422719; 0,554653; 0,583955; -0,048711; 25,949942
253235; 0,027403; 0,438332; 3,843173; 0,845437; 0,564195; 0,626159; 0,008578; 28,545994
253245; 0,937073; 1,394826; 3,918530; 1,268156; 0,822984; 0,687721; 0,232641; 41,508255
253255; 2,354609; 2,173557; 3,918530; 0,845437; 1,017117; 0,763805; 0,174517; 46,558083
253265; 1,653681; -1,074758; 4,069242; 1,690875; 0,693871; 0,815709; -0,290584; 29,023718
253275; 0,272988; -2,117062; 4,144598; 2,113594; 0,483169; 0,851852; -0,189412; 27,276409
253284; -1,504967; -2,726197; 4,219955; 2,536312; 0,276398; 0,872528; -0,185879; 22,929680
253294; -1,829138; -0,497063; 4,370667; 2,959031; 0,547683; 0,913496; 0,243874; 40,596508
253304; -3,759936; -2,960557; 4,521380; 3,381750; 0,129452; 0,923180; -0,375973; 16,110922
253314; -4,021214; -0,400628; 4,596737; 3,804469; 0,435581; 0,955763; 0,275198; 39,679569
253323; -4,325905; -0,467192; 4,747449; 3,804469; 0,411440; 0,986540; -0,021701; 32,768551
253333; -6,674799; -3,601638; 4,822806; 3,804469; -0,180517; 0,973037; -0,532146; 6,199374
253343; -10,392575; -5,700590; 4,973518; 4,227187; -0,754449; 0,916601; -0,515941; -8,4235
253353; -12,992165; -3,986037; 5,124231; 4,227187; -0,834828; 0,854153; -0,072257; -1,2602
253363; -14,978687; -3,046001; 5,124231; 3,381750; -1,041918; 0,776214; -0,186165; -10,758
253373; -19,543436; -6,999283; 5,199587; 3,381750; -1,966053; 0,629146; -0,830759; -51,611
253383; -21,650145; -3,230284; 5,199587; 2,536312; -1,876640; 0,488767; 0,080378; -31,1308
253393; -22,915594; -1,940357; 5,199587; 2,113594; -1,920232; 0,345127; -0,039187; -38,435
253403; -22,296871; 0,948709; 5,124231; 0,845437; -1,683330; 0,219207; 0,212965; -29,78946
253413; -20,900867; 2,140539; 5,048874; -0,422719; -1,547127; 0,103477; 0,122441; -31,4573
253423; -21,010874; -0,168676; 4,973518; -0,845437; -1,866454; -0,036141; -0,287062; -52,1
253433; -21,920229; -1,394347; 4,822806; -2,113594; -2,255463; -0,204857; -0,349703; -66,9
253443; -23,169115; -1,914957; 4,672092; -2,959031; -2,558191; -0,396219; -0,272140; -76,8
253454; -26,202702; -4,651501; 4,521380; -3,804469; -3,298828; -0,642983; -0,665802; -109,
253465; -23,395893; 4,303773; 4,370667; -4,227187; -2,074118; -0,798135; 1,100963; -42,173
253478; -16,852688; 10,032917; 3,993886; -5,918062; -0,957112; -0,869730; 1,004142; -19,58
253488; -9,305878; 11,571776; 3,767817; -6,763499; -0,079882; -0,875706; 0,788594; -3,9760
253498; -3,059969; 9,577061; 3,541748; -7,186219; 0,314437; -0,852185; 0,354477; -4,363588
253510; 4,559940; 11,683862; 3,315679; -7,608937; 1,308106; -0,754333; 0,893267; 34,453342
253520; 7,114058; 3,916315; 3,164966; -7,608937; 0,720948; -0,700404; -0,527831; -12,07828
253530; 8,347134; 1,890715; 3,164966; -6,763499; 0,726740; -0,646041; 0,005207; 2,045355
253540; 8,345483; -0,002531; 3,089610; -5,072625; 0,696159; -0,593966; -0,027491; 1,778613
253551; 8,060601; -0,436819; 3,014253; -4,227187; 0,701732; -0,541474; 0,005010; 3,934929
253564; 7,258505; -1,229882; 3,014253; -2,959031; 0,665938; -0,491660; -0,032177; 3,383356
253575; 7,359021; 0,154125; 3,014253; -1,690875; 0,967246; -0,419306; 0,270864; 19,495319
253585; 7,305976; -0,081336; 3,014253; -0,845437; 1,028208; -0,342393; 0,054802; 17,633747
253595; 5,591967; -2,628147; 3,014253; -0,845437; 0,561818; -0,300367; -0,419265; -3,75745
253605; 3,188372; -3,685513; 3,014253; -0,422719; 0,229252; -0,283218; -0,298963; -8,40305
253615; 0,453242; -4,193866; 3,014253; 0,000000; -0,079509; -0,289165; -0,277563; -15,3865
253624; -1,295592; -2,681545; 3,014253; 0,000000; -0,105397; -0,297049; -0,023273; -10,136
253633; -3,559620; -3,471509; 2,938897; -0,422719; -0,494206; -0,334018; -0,349523; -28,04
253643; -5,210285; -2,531021; 2,938897; -0,422719; -0,571942; -0,376801; -0,069881; -24,25
253653; -6,456378; -1,910676; 2,863541; -0,845437; -0,694956; -0,428786; -0,110584; -29,38
253663; -7,124330; -1,024192; 2,788184; -1,268156; -0,725555; -0,483060; -0,027507; -29,43
253673; -8,172923; -1,607843; 2,712828; -1,690875; -0,958740; -0,554778; -0,209623; -41,02
253684; -8,702542; -0,812083; 2,637472; -2,113594; -0,984127; -0,628394; -0,022822; -38,93
253694; -10,448504; -2,677141; 2,562115; -2,113594; -1,387638; -0,732194; -0,362740; -59,1
253704; -11,796801; -2,067388; 2,411403; -2,959031; -1,577518; -0,850198; -0,170694; -61,8
253717; -10,013193; 2,734865; 2,260690; -3,381750; -0,919397; -0,918972; 0,591623; -29,684
253729; -8,626441; 2,126353; 2,034621; -4,227187; -0,951498; -0,990148; -0,028857; -46,916
253740; -7,222019; 2,153447; 1,883908; -4,649906; -0,857572; -1,054297; 0,084435; -43,5103
253753; -3,719078; 5,371177; 1,657839; -5,495344; -0,239214; -1,072191; 0,555878; -17,9887
253764; -5,041319; -2,027436; 1,431770; -6,340781; -1,311086; -1,170265; -0,963568; -82,02
253774; -2,596704; 3,748409; 1,281058; -6,340781; -0,427772; -1,202264; 0,794063; -19,9041
253784; 0,861181; 5,302091; 1,054989; -6,763499; 0,049778; -1,198540; 0,429298; -17,130112
253794; 3,525750; 4,085673; 0,904276; -6,340781; 0,238067; -1,180732; 0,169263; -18,414339
253803; 8,116796; 7,039604; 0,753563; -6,340781; 1,047443; -1,102380; 0,727596; 16,015673
253813; 13,857265; 8,802052; 0,602851; -5,918062; 1,898486; -0,960366; 0,765053; 40,551716
253823; 18,596762; 7,267230; 0,527494; -5,072625; 2,333563; -0,785807; 0,391116; 46,163601
253833; 21,446991; 4,370352; 0,452138; -4,649906; 2,366479; -0,608786; 0,029590; 42,554352
253843; 23,419298; 3,024204; 0,527494; -2,959031; 2,628350; -0,412176; 0,235411; 58,371075
253853; 22,314224; -1,694446; 0,602851; -1,690875; 2,137946; -0,252250; -0,440853; 34,4010
253863; 17,895325; -6,775647; 0,678207; -0,422719; 1,245126; -0,159111; -0,802608; 6,74778
253872; 13,490319; -6,754342; 0,753563; 0,845437; 0,912347; -0,090864; -0,299155; 12,43639
253882; 11,253943; -3,429110; 0,904276; 2,113594; 1,186842; -0,002084; 0,246760; 34,083782
253892; 9,986724; -1,943070; 0,979632; 2,959031; 1,311585; 0,096028; 0,112138; 36,184528
253902; 10,336431; 0,536216; 1,054989; 2,959031; 1,629495; 0,217920; 0,285788; 50,790531
253912; 5,177444; -7,910447; 1,130345; 2,959031; 0,148469; 0,229026; -1,331381; -22,711590
253922; 0,951586; -6,479649; 1,205701; 2,959031; -0,149230; 0,217863; -0,267619; -4,737776
253932; -9,230868; -15,613096; 1,281058; 2,959031; -2,255300; 0,049158; -1,893270; -97,605
253942; -12,328016; -4,748961; 1,356414; 2,536312; -1,443148; -0,058795; 0,730091; -18,377
253952; -14,717041; -3,663172; 1,281058; 1,690875; -1,686590; -0,184958; -0,218845; -49,77
253962; -16,558180; -2,823078; 1,205701; 0,845437; -1,896955; -0,326857; -0,189109; -57,45
253972; -14,766684; 2,746960; 1,054989; -0,422719; -1,246471; -0,420097; 0,584758; -25,757
253982; -13,758575; 1,545766; 0,904276; -1,690875; -1,422915; -0,526536; -0,158616; -50,19
253992; -13,808759; -0,076948; 0,753563; -2,959031; -1,761340; -0,658291; -0,304230; -64,8
254002; -20,031330; -9,541278; 0,678207; -3,804469; -3,579219; -0,926029; -1,634197; -146,
254015; -19,236950; 1,218051; 0,452138; -4,649906; -2,431836; -1,107939; 1,031449; -59,722
254025; -8,945922; 15,779577; 0,226069; -5,495344; 0,171237; -1,095130; 2,340055; 33,71815
254035; -3,139877; 8,902602; 0,000000; -5,918062; -0,017003; -1,096402; -0,169220; -30,538
254045; 3,429402; 10,072894; -0,226069; -6,340781; 0,759154; -1,039614; 0,697733; 9,935059
254055; 10,817446; 11,328334; -0,376782; -6,340781; 1,688773; -0,913288; 0,835689; 38,3612
254065; 15,594885; 7,325408; -0,452138; -6,340781; 1,765302; -0,781237; 0,068797; 25,06814
254075; 20,324623; 7,252265; -0,527494; -5,495344; 2,359306; -0,604753; 0,533985; 54,48901
254085; 23,531282; 4,916878; -0,527494; -4,227187; 2,593488; -0,410751; 0,210520; 56,98231
254095; 22,725763; -1,235129; -0,452138; -2,536312; 2,025249; -0,259255; -0,510824; 29,885
254105; 22,174818; -0,844783; -0,376782; -0,845437; 2,201001; -0,094612; 0,157994; 53,9139
254114; 20,340458; -2,812687; -0,301425; 0,422719; 1,931867; 0,049899; -0,241941; 41,42438
254124; 20,516979; 0,270666; -0,150713; 1,690875; 2,444002; 0,232719; 0,460388; 74,693069
254134; 19,992374; -0,804393; 0,000000; 2,959031; 2,424212; 0,414058; -0,017790; 67,154289
254144; 23,463736; 5,322754; 0,150713; 3,804469; 3,583904; 0,682147; 1,042515; 126,394424
254154; 21,215023; -3,448025; 0,301425; 4,227187; 2,440478; 0,864704; -1,027892; 54,221165
254166; 14,339091; -10,543097; 0,602851; 5,495344; 1,083018; 0,945717; -1,220300; 19,24846
254176; 5,236742; -13,956937; 0,828920; 6,340781; -0,169717; 0,933022; -1,126157; -8,63934
254186; -4,764658; -15,335481; 1,054989; 6,763499; -1,344350; 0,832460; -1,055946; -37,329
254196; -12,118010; -11,275138; 1,205701; 6,763499; -1,688305; 0,706168; -0,309202; -30,74
254206; -18,438026; -9,690694; 1,281058; 6,340781; -2,244683; 0,538258; -0,500161; -52,537
254216; -23,177639; -7,267405; 1,281058; 5,495344; -2,590770; 0,344459; -0,311117; -60,891
254226; -21,785589; 2,134475; 1,281058; 3,804469; -1,594350; 0,225196; 0,895740; -11,27173
254235; -20,174398; 2,470495; 1,205701; 2,113594; -1,574539; 0,107415; 0,017809; -34,50751
254245; -18,720142; 2,229860; 1,130345; 0,422719; -1,635028; -0,014891; -0,054377; -40,578
254257; -16,241558; 3,800494; 1,054989; -0,845437; -1,338861; -0,115042; 0,266241; -28,277
254267; -14,648529; 2,442646; 0,904276; -2,113594; -1,468428; -0,224886; -0,116475; -43,09
254277; -15,111187; -0,709409; 0,828920; -2,536312; -1,918614; -0,368405; -0,404698; -64,0
254287; -18,395187; -5,035467; 0,753563; -2,959031; -2,806130; -0,578314; -0,797841; -99,5
254299; -18,920034; -0,804766; 0,602851; -3,381750; -2,463255; -0,762574; 0,308230; -69,46
254309; -9,612060; 14,272227; 0,376782; -4,227187; 0,088637; -0,755944; 2,294045; 38,73185
254319; -2,486552; 10,925779; 0,150713; -5,072625; 0,385005; -0,727144; 0,266423; -1,80274
254329; 8,256489; 16,472664; 0,075356; -4,649906; 2,206123; -0,562118; 1,637109; 78,121765
254339; 18,275770; 15,362897; 0,000000; -4,649906; 3,173110; -0,324758; 0,869281; 88,51507
254349; 24,077978; 8,896720; 0,000000; -4,227187; 3,146703; -0,089374; -0,023739; 72,22832
254359; 26,882414; 4,300135; 0,075356; -2,959031; 3,097595; 0,142338; -0,044146; 76,090164
254369; 28,368134; 2,278105; 0,226069; -0,845437; 3,286741; 0,388198; 0,170035; 91,546989
254380; 25,475332; -4,435629; 0,452138; 1,690875; 2,537580; 0,578018; -0,673465; 58,146034
254390; 30,125660; 7,130503; 0,678207; 3,381750; 4,522463; 0,916314; 1,784327; 171,978668
254400; 34,115158; 6,117233; 0,904276; 5,072625; 5,058069; 1,294676; 0,481488; 162,719849
254410; 29,166140; -7,588499; 1,130345; 6,340781; 3,179678; 1,532527; -1,688596; 71,990692
254420; 19,650295; -14,590960; 1,431770; 7,608937; 1,543391; 1,647978; -1,470955; 40,96224
254430; 9,134162; -16,124739; 1,733196; 8,454374; 0,349943; 1,674155; -1,072860; 22,648520
254440; 0,144362; -13,784359; 2,034621; 8,877093; -0,298638; 1,651816; -0,583047; 18,33645
254451; -4,903041; -7,739353; 2,260690; 8,877093; -0,164695; 1,639496; 0,120409; 37,981209
254464; -7,486428; -3,961194; 2,562115; 9,299812; 0,045350; 1,642889; 0,188821; 44,691902
254474; -11,463478; -6,098143; 2,712828; 8,877093; -0,653662; 1,593992; -0,628383; 7,42731
254484; -12,688114; -1,877776; 2,863541; 8,031655; -0,401794; 1,563937; 0,226419; 33,06098
254494; -14,959893; -3,483394; 3,014253; 7,186219; -0,902259; 1,496445; -0,449897; 3,43546
254504; -17,784607; -4,331228; 3,164966; 6,340781; -1,380300; 1,393193; -0,429740; -9,9249
254514; -19,880070; -3,213044; 3,315679; 5,918062; -1,517047; 1,279713; -0,122930; -8,5777
254524; -22,130922; -3,451307; 3,391035; 4,649906; -1,920069; 1,136085; -0,362300; -27,292
254534; -22,038841; 0,141192; 3,466391; 4,227187; -1,554778; 1,019782; 0,328382; -4,919372
254544; -22,664295; -0,959032; 3,541748; 3,804469; -1,781693; 0,886505; -0,203987; -26,170
254554; -20,549192; 3,243160; 3,541748; 2,959031; -1,182743; 0,798031; 0,538431; 3,659978
254564; -15,848089; 7,208357; 3,541748; 2,113594; -0,326671; 0,773595; 0,769573; 28,964203
254575; -10,425457; 8,314704; 3,541748; 1,268156; 0,295449; 0,795696; 0,559261; 39,295368
254585; -5,297618; 7,862687; 3,541748; 0,845437; 0,760994; 0,852621; 0,418505; 48,383804
254597; -0,357012; 7,575596; 3,617105; 0,845437; 1,278616; 0,948266; 0,465321; 64,100075
254607; 3,113876; 5,322029; 3,767817; 1,268156; 1,474632; 1,058574; 0,176210; 64,509895
254617; 5,625619; 3,851338; 3,918530; 2,113594; 1,697624; 1,185562; 0,200461; 73,420158
254627; 9,425447; 5,826405; 4,069242; 2,959031; 2,438782; 1,367992; 0,666271; 106,501068
254637; 8,860745; -0,865877; 4,295311; 4,227187; 1,807991; 1,503236; -0,567055; 65,337418
254647; 8,854406; -0,009720; 4,596737; 5,918062; 2,119089; 1,661751; 0,279665; 96,678703
254657; 7,394054; -2,239206; 4,822806; 6,763499; 1,832487; 1,798828; -0,257644; 80,325493
254667; 4,179275; -4,929330; 5,199587; 8,031655; 1,366191; 1,901024; -0,419181; 67,810341
254677; -0,361981; -6,963259; 5,501012; 8,877093; 0,772007; 1,958773; -0,534147; 52,300774
254687; -4,684048; -6,627170; 5,802438; 9,722530; 0,461237; 1,993275; -0,279369; 51,789127
254697; -10,136921; -8,361072; 6,103863; 10,145249; -0,246163; 1,974861; -0,635923; 26,018
254707; -17,840696; -11,812457; 6,405289; 10,145249; -1,434212; 1,867577; -1,068007; -15,1
254717; -20,785915; -4,516000; 6,706714; 10,567967; -0,878661; 1,801850; 0,499417; 33,8715
254727; -26,640678; -8,977304; 6,932783; 9,722530; -2,075654; 1,646584; -1,076047; -35,836
254737; -34,490543; -12,036461; 7,083496; 8,877093; -3,345800; 1,396306; -1,141809; -73,60
254747; -40,055019; -8,532195; 7,234209; 8,031655; -3,647355; 1,123471; -0,271086; -66,546
254757; -42,588898; -3,885282; 7,234209; 6,340781; -3,601145; 0,854092; 0,041541; -64,4169
254767; -45,800865; -4,925016; 7,158853; 4,227187; -4,306139; 0,531977; -0,633760; -104,95
254777; -44,631599; 1,792872; 7,083496; 2,113594; -3,682414; 0,256520; 0,560703; -68,21882
254787; -42,441235; 3,358563; 6,932783; 0,000000; -3,519127; -0,006723; 0,146788; -80,4538
254797; -37,704262; 7,263355; 6,706714; -2,113594; -2,829299; -0,218365; 0,620127; -57,798
254807; -40,430851; -4,180767; 6,480645; -4,227187; -4,636525; -0,565194; -1,624621; -162,
254817; -45,204525; -7,319633; 6,254576; -5,495344; -5,666189; -0,989045; -0,925625; -180,
254827; -31,973293; 20,287886; 6,028507; -6,340781; -1,313266; -1,087282; 3,913097; 36,013
254838; -20,603355; 17,433905; 5,651725; -8,031655; -0,607435; -1,132720; 0,634513; -26,32
254848; -5,697180; 22,856138; 5,425656; -8,454374; 1,546696; -1,017022; 1,936475; 58,71783
254858; 5,744298; 17,543602; 5,274943; -8,031655; 2,247344; -0,848913; 0,629853; 48,292500
254868; 9,787019; 6,198838; 5,199587; -7,186219; 1,532355; -0,734287; -0,642745; 3,698169
254878; 13,747653; 6,072973; 5,199587; -5,918062; 2,090921; -0,577879; 0,502128; 47,980251
254888; 13,009583; -1,131707; 5,199587; -4,649906; 1,360320; -0,476122; -0,656780; 5,41473
254900; 13,330119; 0,491488; 5,274943; -2,113594; 1,858954; -0,337065; 0,448251; 46,908108
254910; 11,642281; -2,588020; 5,274943; -0,845437; 1,475933; -0,226660; -0,344320; 21,5464
254920; 11,102695; -0,827363; 5,350300; 0,422719; 1,756653; -0,095256; 0,252355; 45,565510
254930; 7,735707; -5,162716; 5,425656; 1,268156; 1,014344; -0,019380; -0,667304; 7,801435
254940; 5,140033; -3,980033; 5,501012; 1,690875; 0,914198; 0,049005; -0,090028; 20,789888
254951; 2,135596; -4,606804; 5,576369; 2,113594; 0,571245; 0,091737; -0,308300; 8,444794
254963; -0,281238; -3,705813; 5,651725; 2,113594; 0,413569; 0,122673; -0,141744; 9,392815
254974; -3,040261; -4,230502; 5,651725; 2,113594; 0,054134; 0,126723; -0,323117; -3,387156
254983; -7,746646; -7,216457; 5,651725; 1,690875; -0,834140; 0,064326; -0,798522; -37,3413
254993; -12,094360; -6,666495; 5,651725; 1,268156; -1,296113; -0,032628; -0,415295; -41,52
255003; -13,720199; -2,492952; 5,576369; 0,422719; -1,118031; -0,116261; 0,160088; -25,576
255013; -15,925749; -3,381844; 5,501012; -0,422719; -1,557539; -0,232770; -0,395099; -52,0
255023; -18,991600; -4,700974; 5,425656; -1,268156; -2,138309; -0,392723; -0,522088; -72,6
255034; -22,038078; -4,671267; 5,274943; -2,113594; -2,577564; -0,585534; -0,394872; -84,7
255044; -25,282614; -4,974953; 5,124231; -2,959031; -3,074991; -0,815555; -0,447166; -103,
255054; -29,649963; -6,696603; 4,973518; -3,804469; -3,850531; -1,103588; -0,697179; -134,
255064; -37,775738; -12,459522; 4,672092; -5,072625; -5,542594; -1,518194; -1,521094; -204
255074; -32,606522; 7,926134; 4,446024; -5,918062; -2,862645; -1,732330; 2,409163; -52,043
255084; -24,877287; 11,851493; 4,144598; -7,186219; -1,758739; -1,863890; 0,992365; -62,62
255094; -14,176460; 16,407934; 3,767817; -8,454374; -0,268734; -1,883992; 1,339453; -19,36
255104; -8,967742; 7,986701; 3,541748; -8,877093; -0,691392; -1,935711; -0,379952; -71,596
255114; -1,169860; 11,956754; 3,240323; -9,722530; 0,471191; -1,900464; 1,045114; -9,14665
255124; 3,243291; 6,766832; 2,938897; -9,722530; 0,353172; -1,874045; -0,106094; -38,73733
255134; 4,808960; 2,400693; 2,712828; -9,722530; 0,021887; -1,872408; -0,297811; -51,15078
255144; 5,576700; 1,177200; 2,562115; -8,877093; 0,048044; -1,868814; 0,023515; -42,791786
255157; 11,752588; 9,469697; 2,260690; -8,454374; 1,645031; -1,745760; 1,435625; 31,783230
255167; 9,413216; -3,587038; 2,034621; -8,454374; -0,064973; -1,750620; -1,537223; -79,828
255177; 10,665253; 1,919789; 1,883908; -7,608937; 0,750897; -1,694450; 0,733433; -5,002858
255187; 11,654550; 1,516922; 1,657839; -7,186219; 0,836613; -1,631869; 0,077055; -17,10001
255197; 9,446324; -3,385945; 1,507127; -6,763499; 0,088007; -1,625286; -0,672966; -52,6248
255207; 7,787880; -2,542947; 1,356414; -6,763499; -0,017749; -1,626613; -0,095070; -41,415
255217; 6,445860; -2,057765; 1,205701; -5,918062; -0,035494; -1,629268; -0,015952; -40,017
255227; 2,201683; -6,507739; 0,979632; -5,918062; -1,011901; -1,704962; -0,877750; -85,586
255237; 2,968266; 1,175428; 0,753563; -6,340781; -0,158008; -1,716782; 0,767615; -26,36130
255247; 2,363235; -0,927714; 0,527494; -6,340781; -0,479190; -1,752627; -0,288730; -60,013
255257; 3,512293; 1,761888; 0,301425; -6,763499; -0,130027; -1,762353; 0,313883; -37,58324
255267; 5,888387; 3,643345; 0,075356; -7,186219; 0,264988; -1,742531; 0,355102; -26,724773
255277; 7,345885; 2,234830; -0,150713; -7,608937; 0,199334; -1,727620; -0,059021; -37,7930
255287; 9,462015; 3,244733; -0,376782; -7,608937; 0,516764; -1,688964; 0,285356; -21,11533
255297; 12,819194; 5,147675; -0,527494; -7,186219; 1,122311; -1,605012; 0,544361; 1,468101
255306; 13,122253; 0,464691; -0,753563; -7,186219; 0,618138; -1,558773; -0,453230; -33,187
255316; 12,650129; -0,723924; -0,904276; -6,763499; 0,466128; -1,523905; -0,136651; -28,43
255326; 10,995161; -2,537617; -0,979632; -5,918062; 0,170741; -1,511133; -0,265540; -38,23
255336; 10,638470; -0,546927; -1,130345; -5,495344; 0,379372; -1,482754; 0,187551; -21,805
255346; 11,580713; 1,444773; -1,281058; -5,072625; 0,730296; -1,428126; 0,315466; -9,10391
255357; 9,827825; -2,687762; -1,356414; -4,649906; 0,124100; -1,418842; -0,544945; -43,802
255368; 12,306384; 3,800458; -1,507127; -4,227187; 1,135377; -1,333912; 0,909096; 16,91812
255378; 12,694931; 0,595771; -1,582483; -3,804469; 0,865145; -1,269196; -0,242928; -15,404
255388; 11,333905; -2,086907; -1,657839; -3,804469; 0,414272; -1,238207; -0,405316; -29,26
255398; 12,523018; 1,823306; -1,733196; -3,381750; 1,010467; -1,162621; 0,535954; 9,138101
255408; 12,483017; -0,061334; -1,808552; -2,959031; 0,837818; -1,099949; -0,155204; -9,936
255418; 11,480966; -1,536478; -1,883908; -2,959031; 0,558415; -1,058177; -0,251171; -17,87
255428; 11,108401; -0,571265; -1,883908; -2,113594; 0,715828; -1,004631; 0,141508; -3,5070
255438; 11,683583; 0,881945; -1,959265; -2,113594; 0,929608; -0,935093; 0,192179; 4,445082
255449; 10,508118; -1,802381; -1,959265; -1,690875; 0,553386; -0,893698; -0,338208; -16,15
255459; 11,547287; 1,593393; -2,034621; -1,690875; 1,030586; -0,816606; 0,428983; 15,30864
255469; 10,615654; -1,428504; -2,034621; -1,268156; 0,644103; -0,768425; -0,347432; -11,23
255479; 8,678823; -2,969808; -2,034621; -0,845437; 0,309658; -0,745261; -0,300653; -17,529
255490; 7,362836; -2,017847; -2,034621; -0,845437; 0,269811; -0,725079; -0,035820; -11,692
255500; 5,701897; -2,546773; -2,109977; -0,845437; 0,021860; -0,723443; -0,222898; -22,011
255510; 4,653944; -1,606863; -2,109977; -0,845437; 0,010034; -0,722693; -0,010631; -17,221
255520; 4,841907; 0,288211; -2,109977; -0,422719; 0,284314; -0,701425; 0,246566; -4,060593
255530; 4,531767; -0,475548; -2,109977; -0,422719; 0,166765; -0,688951; -0,105672; -14,948
255540; 4,430118; -0,155862; -2,185334; -0,845437; 0,136112; -0,678769; -0,027556; -13,576
255551; 4,972360; 0,831437; -2,185334; -0,845437; 0,303535; -0,656063; 0,150507; -4,810029
255561; 4,061290; -1,396973; -2,185334; -0,422719; 0,006159; -0,655603; -0,267329; -21,827
255573; 5,382307; 2,025559; -2,260690; -0,845437; 0,470868; -0,620380; 0,417755; 6,386738
255582; 6,057673; 1,035562; -2,260690; -0,845437; 0,436429; -0,587734; -0,030960; -4,33963
255592; 5,312752; -1,142212; -2,260690; -0,845437; 0,116511; -0,579018; -0,287593; -17,859
255602; 5,919604; 0,930506; -2,260690; -0,422719; 0,456087; -0,544901; 0,305265; 5,153604
255614; 6,564540; 0,988901; -2,260690; -0,422719; 0,533074; -0,505025; 0,069208; 2,315624
255624; 6,649353; 0,130047; -2,260690; -0,422719; 0,448347; -0,471487; -0,076166; -2,36442
255634; 8,056727; 2,157974; -2,260690; 0,000000; 0,870646; -0,406360; 0,379629; 20,093224
255644; 8,418659; 0,554962; -2,260690; 0,000000; 0,734797; -0,351394; -0,122122; 6,220969
255653; 9,337891; 1,409488; -2,185334; 0,422719; 0,983472; -0,277827; 0,223548; 22,123659
255663; 9,336824; -0,001635; -2,185334; 0,422719; 0,828894; -0,215823; -0,138960; 11,28836
255674; 10,737812; 2,148181; -2,109977; 0,845437; 1,272084; -0,120667; 0,398410; 36,900654
255684; 11,765986; 1,576535; -2,109977; 0,845437; 1,322056; -0,021772; 0,044922; 32,028717
255694; 13,469465; 2,612001; -2,034621; 1,268156; 1,676380; 0,103627; 0,318523; 49,965008
255703; 14,045942; 0,883931; -1,959265; 1,690875; 1,604846; 0,223675; -0,064306; 42,005123
255713; 16,942030; 4,440669; -1,808552; 2,113594; 2,373940; 0,401255; 0,691384; 82,537590
255723; 17,967625; 1,572578; -1,657839; 2,959031; 2,281299; 0,571904; -0,083280; 65,950546
255735; 24,628513; 10,213363; -1,507127; 3,381750; 4,018988; 0,872539; 1,562110; 153,65803
255745; 17,927164; -10,275403; -1,281058; 4,649906; 1,206316; 0,962775; -2,528476; -8,5567
255755; 12,906041; -7,699056; -1,054989; 5,495344; 1,055998; 1,041768; -0,135130; 46,72943
255765; 4,511747; -12,871252; -0,828920; 6,340781; -0,311703; 1,018451; -1,229506; -12,446
255775; -2,557693; -10,839809; -0,678207; 6,340781; -0,846665; 0,955118; -0,480909; -8,868
255785; -6,173205; -5,543785; -0,527494; 6,340781; -0,646219; 0,906778; 0,180193; 10,49408
255795; -7,453298; -1,962808; -0,452138; 5,918062; -0,432387; 0,874434; 0,192226; 15,10175
255805; -7,870647; -0,639937; -0,376782; 5,072625; -0,417562; 0,843199; 0,013327; 10,45154
255816; -5,885410; 3,044030; -0,301425; 4,227187; 0,118696; 0,852078; 0,482074; 34,591621
255825; -6,106646; -0,339228; -0,301425; 2,959031; -0,414664; 0,821060; -0,479469; -1,7398
255835; -5,245454; 1,320495; -0,226069; 2,536312; -0,176747; 0,807838; 0,213878; 20,118317
255845; -2,278494; 4,549339; -0,150713; 2,113594; 0,463424; 0,842504; 0,575487; 44,795589
255855; 1,060790; 5,120236; -0,075356; 2,113594; 0,899681; 0,909804; 0,392177; 52,420498
255867; 3,659059; 3,984011; 0,075356; 2,536312; 1,122484; 0,993769; 0,200291; 55,155811
255878; 8,163895; 6,907416; 0,226069; 2,959031; 1,998347; 1,143253; 0,787365; 93,546768
255888; 11,335579; 4,863248; 0,376782; 3,804469; 2,230803; 1,310125; 0,208969; 89,283272
255898; 13,310768; 3,028624; 0,602851; 4,649906; 2,363477; 1,486922; 0,119268; 94,515854
255910; 14,158994; 1,300612; 0,904276; 5,918062; 2,438982; 1,669366; 0,067876; 99,433899
255920; 12,947069; -1,858284; 1,205701; 7,186219; 2,132358; 1,828874; -0,275642; 87,752151
255930; 10,990211; -3,000518; 1,582483; 8,454374; 1,973186; 1,976475; -0,143089; 90,632690
255940; 7,813247; -4,871344; 1,959265; 9,722530; 1,600710; 2,096214; -0,334841; 80,049614
255950; 1,908261; -9,054312; 2,336046; 10,990687; 0,676538; 2,146822; -0,830793; 47,442055
255960; -1,846323; -5,757030; 2,712828; 11,836124; 0,760265; 2,203692; 0,075268; 72,362518
255970; -7,457974; -8,604531; 3,089610; 12,258844; -0,078160; 2,197846; -0,753710; 32,5232
255980; -14,507626; -10,809466; 3,466391; 12,681562; -1,003654; 2,122769; -0,831981; 6,836
255990; -16,713549; -3,382415; 3,767817; 12,258844; -0,445426; 2,089449; 0,501824; 51,0916
256000; -19,094259; -3,650423; 4,069242; 11,836124; -0,748631; 2,033449; -0,272569; 24,101
256010; -22,527029; -5,263580; 4,295311; 10,990687; -1,368755; 1,931061; -0,557465; 0,1152
256020; -23,315657; -1,209228; 4,521380; 10,145249; -1,079084; 1,850342; 0,260402; 24,5633
256030; -27,502329; -6,419565; 4,747449; 9,299812; -2,175478; 1,687608; -0,985612; -35,082
256040; -27,135973; 0,561746; 4,898162; 8,031655; -1,493517; 1,575888; 0,613054; 16,557724
256051; -30,768692; -5,570170; 4,973518; 6,763499; -2,692918; 1,374448; -1,078211; -57,063
256061; -32,893429; -3,257927; 5,124231; 5,918062; -2,748438; 1,168855; -0,049910; -38,797
256072; -31,783619; 1,701707; 5,124231; 4,649906; -2,222889; 1,002575; 0,472447; -17,80637
256082; -31,572357; 0,323934; 5,124231; 3,381750; -2,489388; 0,816360; -0,239571; -45,5380
256092; -28,263716; 5,073252; 5,124231; 2,113594; -1,746176; 0,685740; 0,668117; -9,340943
256102; -23,533278; 7,253336; 5,048874; 0,845437; -1,136811; 0,600702; 0,547794; 0,278205
256112; -17,208109; 9,698593; 4,973518; 0,000000; -0,277590; 0,579937; 0,772404; 25,589314
256122; -13,794495; 5,234209; 4,973518; -0,845437; -0,485149; 0,543646; -0,186587; -3,0497
256132; -11,193519; 3,988163; 4,973518; -0,845437; -0,336839; 0,518450; 0,133325; 7,498485
256142; -10,277256; 1,404937; 5,048874; -0,422719; -0,464785; 0,483682; -0,115019; -2,2886
256152; -7,384868; 4,434996; 5,048874; -0,422719; 0,183486; 0,497408; 0,582769; 30,087202
256162; -2,339450; 7,736307; 5,048874; 0,000000; 1,143390; 0,582937; 0,862914; 61,648586
256171; 3,121095; 8,372837; 5,124231; 0,845437; 1,911566; 0,725929; 0,690559; 79,239372
256181; 7,169787; 6,207994; 5,199587; 1,268156; 2,172291; 0,888424; 0,234381; 78,454681
256191; 12,322007; 7,900072; 5,350300; 2,113594; 3,030507; 1,115117; 0,771500; 117,074379
256201; 14,139518; 2,786849; 5,576369; 2,959031; 2,787045; 1,323598; -0,218862; 92,661453
256211; 14,140242; 0,001110; 5,802438; 4,227187; 2,645755; 1,521510; -0,127013; 96,196480
256221; 12,200469; -2,974318; 6,028507; 5,495344; 2,271295; 1,691411; -0,336624; 86,335297
256231; 12,056769; -0,220340; 6,329932; 6,763499; 2,728822; 1,895537; 0,411298; 119,896599
256241; 5,580639; -9,930066; 6,706714; 8,454374; 1,183444; 1,984063; -1,389231; 42,339916
256251; -3,501576; -13,926064; 7,083496; 9,722530; -0,068042; 1,978973; -1,125034; 18,7118
256261; -9,971906; -9,921173; 7,384921; 10,145249; -0,258644; 1,959625; -0,171343; 36,4199
256271; -18,831066; -13,584044; 7,686346; 10,567967; -1,550041; 1,843677; -1,160913; -20,6
256281; -26,412123; -11,624290; 7,912416; 10,567967; -2,140603; 1,683552; -0,530891; -23,5
256294; -30,571274; -6,377366; 8,138484; 10,145249; -2,043061; 1,530724; 0,087687; -10,110
256305; -32,896980; -3,566080; 8,289197; 8,877093; -2,112224; 1,372722; -0,062175; -19,087
256317; -35,322647; -3,719358; 8,364553; 7,186219; -2,571350; 1,180376; -0,412735; -42,945
256327; -33,552586; 2,714094; 8,439910; 5,918062; -1,803958; 1,045433; 0,689854; -1,635011
256339; -34,405678; -1,308075; 8,439910; 4,227187; -2,522687; 0,856727; -0,646108; -55,049
256349; -33,305843; 1,686413; 8,364553; 2,536312; -2,267854; 0,687084; 0,229084; -32,18301
256359; -31,873774; 2,195842; 8,364553; 1,268156; -2,194150; 0,522954; 0,066257; -38,21285
256372; -28,307325; 5,468553; 8,289197; 0,000000; -1,592597; 0,403822; 0,540772; -15,42864
256383; -27,084240; 1,875398; 8,213840; -0,845437; -1,952814; 0,257744; -0,323821; -48,068
256393; -25,702986; 2,117925; 8,138484; -1,690875; -1,875865; 0,117423; 0,069174; -40,2206
256403; -29,820568; -6,313627; 8,063128; -2,113594; -3,304013; -0,129729; -1,283845; -112,
256413; -27,084303; 4,195606; 7,912416; -2,536312; -1,916929; -0,273122; 1,246931; -22,455
256423; -26,181509; 1,384284; 7,761703; -3,381750; -2,234875; -0,440299; -0,285820; -70,49
256433; -18,263565; 12,140847; 7,610990; -3,804469; -0,253531; -0,459264; 1,781146; 25,436
256443; -8,840833; 14,448191; 7,384921; -4,649906; 0,913156; -0,390957; 1,048803; 37,40482
256453; -4,181898; 7,143701; 7,309565; -4,649906; 0,615325; -0,344928; -0,267738; 0,063318
256463; 3,378108; 11,592010; 7,234209; -4,649906; 1,921507; -0,201193; 1,174203; 68,917084
256473; 6,370621; 4,588520; 7,234209; -3,804469; 1,575007; -0,083376; -0,311489; 28,098606
256484; 9,719332; 5,134689; 7,234209; -2,959031; 2,093882; 0,073253; 0,466447; 62,704361
256495; 7,809295; -2,928722; 7,309565; -1,690875; 1,149249; 0,159221; -0,849186; 10,935355
256505; 7,096405; -1,093099; 7,384921; 0,000000; 1,465475; 0,268844; 0,284274; 48,061745
256514; 5,485496; -2,470060; 7,460277; 0,845437; 1,239213; 0,361542; -0,203400; 33,270355
256524; 3,980335; -2,307914; 7,535634; 1,690875; 1,192997; 0,450782; -0,041547; 38,148388
256536; 4,500950; 0,798276; 7,686346; 2,536312; 1,699026; 0,577875; 0,454899; 65,042854
256546; 7,843981; 5,125981; 7,761703; 2,959031; 2,593184; 0,771855; 0,803811; 99,258324
256556; 4,388841; -5,297882; 7,912416; 3,381750; 1,136756; 0,856888; -1,309268; 16,294653
256570; -4,454011; -13,559039; 8,138484; 4,227187; -0,618162; 0,810647; -1,577598; -32,978
256580; -11,169316; -10,296802; 8,289197; 4,649906; -0,933367; 0,740828; -0,283356; -11,33
256590; -19,481834; -12,745860; 8,364553; 4,649906; -2,103081; 0,583510; -1,051524; -61,21
256600; -26,903460; -11,379827; 8,439910; 4,227187; -2,803948; 0,373765; -0,630051; -72,86
256610; -29,711447; -4,305580; 8,439910; 3,804469; -2,383234; 0,195490; 0,378205; -43,0842
256620; -31,309507; -2,450362; 8,289197; 2,113594; -2,556666; 0,004243; -0,155908; -64,484
256630; -30,693237; 0,944950; 8,213840; 0,422719; -2,310890; -0,168620; 0,220942; -53,7754
256640; -29,851765; 1,290256; 8,063128; -1,268156; -2,382565; -0,346845; -0,064433; -66,52
256650; -30,529408; -1,039051; 7,912416; -2,536312; -2,867015; -0,561307; -0,435501; -91,9
256660; -35,395805; -7,461813; 7,686346; -4,227187; -4,312556; -0,883902; -1,299481; -154,
256670; -43,635490; -12,634179; 7,535634; -5,072625; -5,889677; -1,324471; -1,417767; -205
256682; -32,814190; 16,592657; 7,234209; -5,918062; -1,631544; -1,446516; 3,827886; 17,853
256692; -23,075291; 14,932981; 6,932783; -7,186219; -0,918998; -1,515260; 0,640549; -42,70
256702; -14,482351; 13,175840; 6,631357; -8,031655; -0,296287; -1,537424; 0,559791; -30,33
256712; -9,643974; 7,418845; 6,405289; -8,454374; -0,467856; -1,572421; -0,154233; -52,250
256722; -3,074283; 10,073527; 6,179220; -8,454374; 0,517099; -1,533740; 0,885433; -3,12400
256732; -2,639520; 0,666636; 6,028507; -8,454374; -0,481487; -1,569757; -0,897688; -70,212
256742; -2,917763; -0,426639; 5,802438; -8,031655; -0,610088; -1,615394; -0,115607; -55,74
256752; 2,867708; 8,871057; 5,651725; -7,186219; 1,116960; -1,531842; 1,552545; 27,087206
256762; 4,990592; 3,255088; 5,425656; -6,763499; 0,756132; -1,475280; -0,324369; -24,84565
256772; 8,867644; 5,944815; 5,274943; -6,340781; 1,504705; -1,362723; 0,672936; 19,402826
256782; 9,501423; 0,971795; 5,124231; -5,918062; 1,059506; -1,283468; -0,400216; -14,86139
256792; 9,883486; 0,585830; 5,048874; -5,495344; 1,097101; -1,201401; 0,033796; -1,678662
256802; 7,761145; -3,254256; 4,973518; -4,649906; 0,528747; -1,161849; -0,510927; -27,2387
256812; 6,734226; -1,574609; 4,898162; -4,227187; 0,638217; -1,114108; 0,098409; -8,987679
256822; 8,421444; 2,587068; 4,822806; -3,381750; 1,362730; -1,012171; 0,651307; 23,853952
256832; 6,898267; -2,335538; 4,672092; -3,381750; 0,640677; -0,964246; -0,649095; -23,1586
256842; 5,485138; -2,166799; 4,672092; -2,536312; 0,597008; -0,919588; -0,039257; -8,61515
256852; 5,059187; -0,653124; 4,596737; -2,536312; 0,707822; -0,866640; 0,099617; -1,409555
256862; -0,146711; -7,982378; 4,521380; -2,536312; -0,672525; -0,916947; -1,240874; -67,38
256872; -5,056214; -7,527905; 4,521380; -2,113594; -1,113901; -1,000271; -0,396779; -59,78
256884; -8,657947; -5,522656; 4,370667; -2,536312; -1,351420; -1,101362; -0,213520; -63,48
256894; -13,274620; -7,078900; 4,295311; -2,113594; -1,989086; -1,250153; -0,573235; -90,7
256904; -15,830549; -3,919092; 4,144598; -2,959031; -2,032024; -1,402156; -0,038600; -82,6
256914; -16,645727; -1,249938; 3,918530; -3,804469; -1,946374; -1,547751; 0,076995; -81,36
256923; -18,540390; -2,905152; 3,692461; -4,649906; -2,452231; -1,731187; -0,454744; -110,
256933; -19,337326; -1,221969; 3,466391; -5,918062; -2,518780; -1,919601; -0,059825; -107,
256943; -18,261864; 1,649045; 3,089610; -7,186219; -2,266854; -2,089170; 0,226471; -98,322
256953; -19,721174; -2,237611; 2,712828; -8,877093; -3,078349; -2,319441; -0,729500; -145,
256963; -19,351315; 0,567119; 2,411403; -9,722530; -2,856394; -2,533109; 0,199529; -123,57
256973; -14,132513; 8,002162; 1,959265; -10,990687; -1,659608; -2,657254; 1,075861; -77,16
256986; -6,693694; 11,406189; 1,431770; -12,681562; -0,715573; -2,710782; 0,848649; -61,37
256996; -0,347893; 9,730228; 0,979632; -13,949718; -0,392715; -2,740158; 0,290235; -67,681
257006; 6,431835; 10,395584; 0,602851; -13,949718; 0,380981; -2,711659; 0,695521; -38,9323
257016; 15,801816; 14,367304; 0,150713; -14,372437; 1,745602; -2,581082; 1,226738; 9,31566
257026; 23,983856; 12,545794; -0,150713; -14,372437; 2,408832; -2,400893; 0,596216; 14,384
257036; 32,070847; 12,400056; -0,527494; -13,949718; 3,283109; -2,155304; 0,785940; 45,565
257047; 42,529774; 16,037022; -0,753563; -12,258844; 4,986384; -1,782305; 1,531173; 112,74
257057; 49,795322; 11,140505; -0,904276; -10,567967; 5,414284; -1,377297; 0,384665; 105,27
257067; 58,455132; 13,278379; -0,979632; -8,877093; 6,773034; -0,870650; 1,221459; 169,615
257077; 61,350117; 4,438974; -0,904276; -5,918062; 6,454502; -0,387830; -0,286347; 137,626
257087; 56,865234; -6,876820; -0,753563; -3,381750; 5,019081; -0,012385; -1,290384; 88,483
257097; 44,797283; -18,504194; -0,452138; 0,422719; 2,874821; 0,202662; -1,927601; 27,3781
257107; 56,829029; 18,448677; -0,226069; 2,959031; 8,539048; 0,841413; 5,091906; 344,58017
257117; 61,781536; 7,593848; 0,000000; 5,072625; 8,149079; 1,450993; -0,350567; 220,226334
257127; 46,566475; -23,329763; 0,226069; 6,763499; 3,308569; 1,698486; -4,351418; 15,61038
257137; 33,685562; -19,750732; 0,527494; 8,031655; 2,462191; 1,882667; -0,760858; 85,33332
