272949; -1,056510; -0,358225; 0,000000; 0,000000; -0,140908; -0,048546; -0,018976; -4,9626
272958; -1,245510; -0,446775; 0,000000; 0,000000; -0,168552; -0,062402; -0,027311; -6,1491
272967; -1,478452; -0,545388; 0,000000; 0,000000; -0,201574; -0,078973; -0,032625; -7,4564
272976; -1,721317; -0,489038; 0,000000; 0,000000; -0,220151; -0,097072; -0,018353; -7,9899
272986; -1,926382; -0,384387; 0,000000; 0,000000; -0,230153; -0,115992; -0,009881; -8,4768
272996; -2,106405; -0,382375; 0,000000; 0,000000; -0,247882; -0,136371; -0,017516; -9,5659
273004; -2,311470; -0,491050; 0,000000; 0,000000; -0,279131; -0,159318; -0,030872; -11,174
273014; -2,537797; -0,472938; 0,000000; 0,000000; -0,299869; -0,183969; -0,020488; -12,007
273022; -2,761762; -0,480987; -0,082687; -0,422719; -0,373316; -0,214659; -0,072562; -15,7
273032; -2,953597; -0,336088; -0,165373; -0,845437; -0,428329; -0,249872; -0,054350; -17,4
273042; -3,123225; -0,386400; -0,165373; -0,845437; -0,450235; -0,286885; -0,021642; -18,0
273052; -3,334905; -0,515200; -0,248060; -1,268156; -0,534486; -0,330825; -0,083235; -22,5
273062; -3,591000; -0,575575; -0,330747; -1,690875; -0,616344; -0,381494; -0,080873; -25,6
273072; -3,825360; -0,422625; -0,330747; -1,690875; -0,624453; -0,432829; -0,008011; -25,3
273082; -3,102435; 3,501750; -0,496120; -2,113594; -0,220156; -0,450928; 0,399426; -6,4680
273093; -1,299847; 4,175938; -0,496120; -1,690875; 0,068634; -0,445285; 0,285310; -2,17479
273103; 0,855698; 5,005087; -0,578807; -2,113594; 0,315571; -0,419343; 0,243962; 3,337869
273113; 2,372895; 1,457050; -0,661494; -2,113594; 0,105064; -0,410706; -0,207971; -12,2288
273121; 2,630408; -0,360238; -0,661494; -1,690875; -0,008187; -0,411379; -0,111886; -12,65
273130; 2,272253; -1,165237; -0,661494; -1,690875; -0,124037; -0,421576; -0,114454; -15,71
273141; 1,787468; -0,899588; -0,661494; -0,845437; -0,061657; -0,426644; 0,061628; -10,158
273151; 2,146095; 2,427075; -0,661494; -0,845437; 0,305397; -0,401538; 0,362633; 6,345045
273160; 3,355695; 2,724925; -0,744181; -0,845437; 0,447304; -0,364766; 0,140197; 5,303212
273170; 4,450950; 1,940050; -0,744181; -0,422719; 0,520320; -0,321991; 0,072137; 6,439683
273179; 4,793040; -0,483000; -0,744181; -0,422719; 0,313057; -0,296255; -0,204767; -4,4753
273189; 4,102245; -2,459275; -0,744181; -0,422719; 0,047417; -0,292357; -0,262440; -12,080
273200; 2,870910; -2,785300; -0,744181; -0,422719; -0,107696; -0,301210; -0,153244; -13,38
273209; 2,124833; -0,392438; -0,744181; -0,422719; 0,056323; -0,296580; 0,162044; -1,86221
273219; 2,294932; 1,116938; -0,826867; -0,422719; 0,215364; -0,278875; 0,157124; 2,228865
273228; 2,930918; 1,591887; -0,826867; -0,422719; 0,326013; -0,252074; 0,109316; 4,363205
273238; 3,392550; 0,374325; -0,826867; -0,422719; 0,250722; -0,231462; -0,074384; -1,31247
273248; 3,076447; -1,720688; -0,826867; -0,422719; 0,010575; -0,230593; -0,237254; -10,887
273258; 2,088923; -2,485438; -0,826867; -0,422719; -0,163952; -0,244071; -0,172424; -13,82
273267; 1,238423; -1,137063; -0,826867; -0,422719; -0,114363; -0,253473; 0,048991; -7,5915
273276; 1,006897; 0,150937; -0,826867; 0,000000; 0,032964; -0,250763; 0,145553; -1,720145
273285; 1,173217; 0,557463; -0,826867; 0,000000; 0,090020; -0,243363; 0,056368; -2,308929
273294; 1,155735; -0,631925; -0,826867; 0,000000; -0,030185; -0,245844; -0,118756; -9,3996
273303; 0,763087; -1,040462; -0,826867; 0,000000; -0,109983; -0,254886; -0,078837; -10,564
273313; 0,064260; -1,936025; -0,826867; 0,000000; -0,268784; -0,276982; -0,156888; -16,729
273325; -0,773955; -1,634150; -0,826867; 0,000000; -0,322203; -0,303470; -0,052776; -16,15
273337; -1,228973; -0,303887; -0,826867; 0,000000; -0,235029; -0,322791; 0,086124; -11,230
273346; -1,303155; -0,012075; -0,826867; 0,000000; -0,213353; -0,340331; 0,021415; -12,673
273356; -1,394348; -0,376337; -0,826867; 0,000000; -0,258716; -0,361600; -0,044817; -15,83
273365; -1,596578; -0,485013; -0,826867; 0,000000; -0,289682; -0,385414; -0,030593; -16,80
273376; -1,841333; -0,557463; -0,909554; -0,422719; -0,371614; -0,415964; -0,080945; -20,6
273386; -1,931580; 0,173075; -0,992241; -0,845437; -0,358180; -0,445410; 0,013273; -18,817
273396; -1,893780; -0,012075; -0,992241; -0,845437; -0,372856; -0,476062; -0,014499; -20,5
273406; -1,774238; 0,521238; -1,074927; -1,268156; -0,358170; -0,505507; 0,014509; -20,218
273416; -1,415138; 1,008263; -1,074927; -1,268156; -0,273896; -0,528023; 0,083259; -17,110
273426; -0,941220; 1,010275; -1,157614; -1,690875; -0,276832; -0,550781; -0,002900; -19,77
273436; -0,429030; 1,171275; -1,240301; -1,690875; -0,218018; -0,568704; 0,058106; -17,348
273445; 0,099225; 1,078700; -1,322988; -1,690875; -0,182859; -0,583737; 0,034735; -17,4252
273454; 0,614250; 1,114925; -1,322988; -1,690875; -0,127955; -0,594256; 0,054243; -15,9039
273464; 1,087695; 0,901600; -1,405674; -1,690875; -0,110283; -0,603322; 0,017459; -16,5748
273474; 1,541767; 1,032413; -1,488361; -2,113594; -0,102366; -0,611737; 0,007821; -16,8162
273483; 2,048287; 1,124988; -1,488361; -1,690875; -0,000594; -0,611786; 0,100546; -12,1865
273492; 2,525512; 0,907638; -1,571048; -1,690875; 0,017054; -0,610384; 0,017435; -13,71178
273502; 2,889809; 0,644000; -1,653734; -1,690875; 0,018844; -0,608835; 0,001769; -14,00528
273513; 3,266392; 0,959962; -1,653734; -1,690875; 0,087822; -0,601615; 0,068146; -10,61064
273523; 3,596197; 0,444763; -1,736421; -1,690875; 0,061121; -0,596591; -0,026379; -13,3773
273533; 3,905212; 0,871413; -1,819108; -1,690875; 0,126158; -0,586219; 0,064253; -9,424018
273543; 4,115474; 0,024150; -1,819108; -1,690875; 0,062712; -0,581064; -0,062681; -13,8341
273553; 4,315814; 0,829150; -1,819108; -1,268156; 0,204947; -0,564215; 0,140521; -5,208276
273564; 4,521824; 0,048300; -1,901794; -1,268156; 0,139457; -0,552751; -0,064701; -11,3808
273573; 4,644674; 0,474950; -1,901794; -1,268156; 0,194187; -0,536787; 0,054071; -6,869729
273583; 4,663575; -0,394450; -1,984481; -1,268156; 0,101242; -0,528464; -0,091826; -12,358
273594; 4,478355; -0,394450; -1,984481; -0,845437; 0,124897; -0,518196; 0,023370; -8,80784
273602; 4,280377; -0,448788; -1,984481; -0,845437; 0,099766; -0,509995; -0,024828; -10,358
273613; 4,118310; -0,241500; -1,984481; -0,845437; 0,104270; -0,501423; 0,004450; -9,35006
273622; 3,997822; -0,271688; -1,984481; -0,422719; 0,131366; -0,490623; 0,026769; -7,91638
273631; 3,898124; -0,152950; -1,984481; -0,422719; 0,133262; -0,479668; 0,001873; -8,20314
273641; 3,893399; 0,132825; -1,984481; 0,000000; 0,203358; -0,462950; 0,069251; -4,531941
273650; 3,863632; -0,259613; -2,067168; -0,422719; 0,110968; -0,453828; -0,091277; -10,336
273660; 3,735584; -0,285775; -2,067168; -0,422719; 0,095608; -0,445968; -0,015174; -8,7031
273670; 3,498862; -0,722488; -2,067168; -0,422719; 0,028534; -0,443622; -0,066266; -11,460
273679; 3,140707; -0,802988; -2,067168; -0,422719; -0,015156; -0,444868; -0,043164; -11,98
273688; 2,764124; -0,800975; -2,067168; -0,422719; -0,052463; -0,449181; -0,036858; -12,82
273698; 2,432429; -0,611800; -2,067168; -0,422719; -0,066658; -0,454661; -0,014024; -12,74
273707; 2,199959; -0,378350; -2,067168; 0,000000; -0,024458; -0,456671; 0,041692; -10,4627
273716; 2,020882; -0,384387; -2,067168; 0,000000; -0,042895; -0,460198; -0,018215; -12,412
273725; 1,811092; -0,509163; -2,067168; 0,000000; -0,076218; -0,466463; -0,032921; -13,704
273734; 1,577204; -0,487025; -2,067168; 0,000000; -0,097308; -0,474463; -0,020836; -14,109
273743; 1,346624; -0,495075; -2,067168; 0,000000; -0,121076; -0,484417; -0,023481; -14,975
273752; 1,142504; -0,374325; -2,067168; 0,000000; -0,129379; -0,495053; -0,008204; -15,062
273761; 0,979492; -0,319988; -2,149855; -0,422719; -0,190542; -0,510717; -0,060425; -18,13
273771; 0,884992; -0,082513; -2,149855; -0,422719; -0,176301; -0,525210; 0,014069; -16,367
273783; 1,001227; 0,577587; -2,149855; -0,422719; -0,098978; -0,533347; 0,076391; -13,2365
273794; 1,309297; 0,734563; -2,232541; -0,845437; -0,102998; -0,541815; -0,003971; -15,447
273802; 1,604609; 0,523250; -2,315228; -1,268156; -0,144970; -0,553733; -0,041466; -17,623
273812; 1,866374; 0,591675; -2,315228; -1,268156; -0,112083; -0,562947; 0,032491; -15,2985
273821; 2,097427; 0,392438; -2,315228; -0,845437; -0,066812; -0,568439; 0,044726; -14,0601
273831; 2,423452; 0,996188; -2,397915; -1,268156; -0,024545; -0,570457; 0,041758; -13,1724
273841; 3,078809; 1,795150; -2,397915; -1,268156; 0,120306; -0,560567; 0,143105; -7,075144
273851; 3,891982; 1,668362; -2,480602; -1,268156; 0,180434; -0,545734; 0,059404; -7,283230
273861; 4,604512; 1,366488; -2,480602; -0,845437; 0,263438; -0,524077; 0,082004; -4,253204
273871; 5,196554; 1,155175; -2,480602; -0,845437; 0,301359; -0,499302; 0,037464; -3,820944
273880; 5,642122; 0,742613; -2,480602; -0,845437; 0,304646; -0,474258; 0,003248; -3,961046
273891; 5,821199; 0,020125; -2,480602; -0,422719; 0,292625; -0,450201; -0,011876; -4,03457
273901; 5,790014; -0,152950; -2,480602; -0,422719; 0,272281; -0,427817; -0,020099; -4,1818
273910; 5,936017; 0,774813; -2,480602; 0,000000; 0,421331; -0,393180; 0,147254; 4,176298
273919; 6,130214; 0,052325; -2,480602; 0,000000; 0,368713; -0,362869; -0,051984; -1,098564
273930; 6,241724; 0,422625; -2,480602; 0,000000; 0,416701; -0,328612; 0,047410; 3,226172
273941; 6,414660; 0,313950; -2,480602; 0,000000; 0,423102; -0,293830; 0,006323; 3,228455
273951; 6,588539; 0,426650; -2,480602; 0,000000; 0,451645; -0,256700; 0,028199; 5,312953
273960; 6,862589; 0,740600; -2,480602; 0,000000; 0,510210; -0,214757; 0,057859; 8,412194
273969; 7,205152; 0,718463; -2,480602; 0,000000; 0,542124; -0,170189; 0,031530; 9,606299
273980; 7,393207; 0,082513; -2,480602; 0,000000; 0,497514; -0,129289; -0,044073; 7,717894
273989; 7,600162; 0,798963; -2,480602; 0,000000; 0,589485; -0,080828; 0,090863; 14,274275
274000; 7,974854; 0,796950; -2,397915; 0,422719; 0,676942; -0,025178; 0,086404; 17,575430
274010; 8,321198; 0,678213; -2,397915; 0,422719; 0,699612; 0,032336; 0,022396; 17,960583
274021; 8,646277; 0,706388; -2,315228; 0,845437; 0,785134; 0,096881; 0,084492; 23,012093
274031; 9,014356; 0,861350; -2,315228; 0,845437; 0,837229; 0,165709; 0,051467; 25,104889
274040; 9,318172; 0,432688; -2,232541; 1,268156; 0,875133; 0,237653; 0,037447; 27,386496
274049; 9,562928; 0,609788; -2,149855; 1,690875; 0,967488; 0,317189; 0,091243; 32,759991
274058; 9,848318; 0,605762; -2,067168; 1,690875; 1,003748; 0,399706; 0,035823; 34,268475
274066; 9,808155; -0,776825; -1,984481; 2,113594; 0,912380; 0,474711; -0,090267; 30,876781
274076; 8,304188; -5,628963; -1,819108; 2,536312; 0,337886; 0,502489; -0,567573; 6,495287
274086; 5,454540; -6,508425; -1,736421; 2,959031; 0,016805; 0,503870; -0,317213; 4,844346
274096; 2,541105; -5,900651; -1,653734; 2,959031; -0,204603; 0,487050; -0,218741; 1,516813
274106; 0,750803; -1,724713; -1,571048; 2,959031; 0,041242; 0,490440; 0,242883; 18,442024
274118; 0,566528; 0,939837; -1,488361; 2,959031; 0,296513; 0,514816; 0,252195; 25,322012
274129; 1,178888; 1,668362; -1,488361; 2,536312; 0,387962; 0,546710; 0,090348; 24,405233
274139; 1,211490; -1,529500; -1,405674; 2,113594; 0,038835; 0,549903; -0,344921; 5,805168
274148; 0,030713; -3,499738; -1,322988; 2,113594; -0,266771; 0,527972; -0,301924; -0,96957
274157; -1,855980; -4,536175; -1,240301; 2,113594; -0,549679; 0,482783; -0,279500; -8,2474
274167; -3,656205; -3,131450; -1,240301; 1,690875; -0,631173; 0,430895; -0,080513; -6,6854
274178; -4,152802; 1,016312; -1,240301; 1,268156; -0,309620; 0,405442; 0,317679; 9,845264
274188; -3,179453; 3,129437; -1,240301; 1,268156; -0,002207; 0,405260; 0,303709; 16,827677
274196; -1,858343; 2,497513; -1,157614; 1,268156; 0,074671; 0,411399; 0,075952; 13,381492
274207; -1,208182; 0,271688; -1,157614; 0,845437; -0,124368; 0,401175; -0,196641; 1,908721
274217; -1,560195; -1,771000; -1,157614; 0,422719; -0,404983; 0,367882; -0,277234; -7,4841
274226; -2,567565; -2,519650; -1,157614; 0,422719; -0,579882; 0,320210; -0,172792; -10,296
274235; -3,224813; -0,279738; -1,157614; 0,422719; -0,422249; 0,285498; 0,155734; 0,451982
274245; -2,649308; 2,730963; -1,157614; 0,422719; -0,065063; 0,280149; 0,352883; 13,523069
274255; -1,174163; 3,552063; -1,157614; 0,000000; 0,121540; 0,290141; 0,184355; 14,191341
274266; 0,010867; 1,495288; -1,157614; 0,000000; 0,034715; 0,292995; -0,085780; 5,760228
274275; 0,001417; -1,535537; -1,157614; 0,000000; -0,268097; 0,270955; -0,299163; -7,05488
274284; -0,802305; -1,887725; -1,157614; 0,000000; -0,383225; 0,239450; -0,113742; -6,1313
274293; -1,192590; 0,225400; -1,157614; 0,000000; -0,211631; 0,222052; 0,169527; 4,284506
274303; -0,743243; 1,688488; -1,157614; 0,000000; -0,021152; 0,220313; 0,188184; 9,222502
274312; 0,118597; 1,982312; -1,157614; 0,000000; 0,093952; 0,228037; 0,113717; 10,373972
274322; 0,684652; 0,428663; -1,157614; 0,000000; -0,004412; 0,227674; -0,097179; 3,001972
274332; 0,619920; -0,704375; -1,074927; 0,422719; -0,073372; 0,221643; -0,068129; 1,908148
274342; 0,085995; -1,569750; -1,074927; 0,422719; -0,212742; 0,204153; -0,137691; -3,48285
274352; -0,403515; -0,515200; -1,074927; 0,422719; -0,156464; 0,191291; 0,055600; 2,153014
274362; -0,280193; 1,040462; -1,074927; 0,422719; 0,010763; 0,192175; 0,165212; 8,765487
274371; 0,243810; 1,191400; -1,074927; 0,422719; 0,077987; 0,198587; 0,066414; 8,166372
274381; 0,611415; 0,374325; -1,074927; 0,422719; 0,033220; 0,201318; -0,044228; 4,531177
274390; 0,448402; -1,068638; -1,074927; 0,000000; -0,168838; 0,187438; -0,199623; -4,31009
274400; -0,059535; -1,094800; -1,074927; 0,000000; -0,222035; 0,169184; -0,052555; -2,5096
274409; -0,361935; -0,193200; -1,074927; 0,000000; -0,162354; 0,155837; 0,058961; 1,248678
274418; -0,280193; 0,541363; -1,074927; 0,000000; -0,081050; 0,149174; 0,080324; 3,534489
274427; -0,027405; 0,535325; -1,157614; -0,422719; -0,106812; 0,140393; -0,025452; 0,19355
274436; 0,096862; -0,006038; -1,074927; 0,000000; -0,098017; 0,132336; 0,008690; 1,024018
274445; -0,017010; -0,478975; -1,074927; 0,000000; -0,156463; 0,119473; -0,057742; -2,2555
274454; -0,307598; -0,758712; -1,074927; 0,000000; -0,213267; 0,101941; -0,056120; -3,9868
274464; -0,602910; -0,499100; -1,074927; 0,000000; -0,216823; 0,084116; -0,003513; -3,2433
274474; -0,659610; 0,257600; -1,074927; 0,000000; -0,147103; 0,072023; 0,068880; -0,147628
274483; -0,598185; 0,004025; -1,157614; 0,000000; -0,174477; 0,057679; -0,027044; -3,42480
274494; -0,637403; -0,171063; -1,157614; -0,422719; -0,237924; 0,038120; -0,062683; -6,249
274503; -0,895388; -0,927763; -1,157614; -0,422719; -0,338987; 0,010252; -0,099845; -10,20
274512; -1,231335; -0,503125; -1,157614; -0,422719; -0,330153; -0,016890; 0,008727; -8,055
274521; -1,464750; -0,491050; -1,157614; -0,422719; -0,352199; -0,045843; -0,021780; -9,99
274531; -1,616423; -0,154962; -1,157614; -0,422719; -0,333831; -0,073287; 0,018146; -9,261
274540; -1,688243; -0,150937; -1,157614; 0,000000; -0,298481; -0,097825; 0,034924; -8,6043
274549; -1,813928; -0,384387; -1,157614; 0,000000; -0,334251; -0,125303; -0,035339; -11,78
274558; -2,161215; -1,094800; -1,157614; 0,000000; -0,439598; -0,161442; -0,104078; -16,78
274567; -2,456055; -0,161000; -1,240301; -0,422719; -0,426295; -0,196488; 0,013142; -14,51
274576; -2,758456; -1,127000; -1,240301; -0,422719; -0,552628; -0,241918; -0,124811; -21,8
274587; -3,152048; -0,549413; -1,322988; -0,845437; -0,584641; -0,289981; -0,031627; -21,5
274595; -3,496973; -0,919712; -1,405674; -1,268156; -0,706215; -0,348038; -0,120110; -27,9
274606; -3,952463; -1,020338; -1,488361; -1,690875; -0,811943; -0,414787; -0,104454; -31,6
274615; -3,910410; 1,199450; -1,571048; -2,113594; -0,637002; -0,467154; 0,172833; -22,174
274625; -3,127005; 2,137275; -1,653734; -2,113594; -0,473803; -0,506105; 0,161233; -19,492
274634; -1,587128; 4,421463; -1,736421; -2,536312; -0,143264; -0,517883; 0,326556; -7,9664
274645; 0,655830; 5,131875; -1,819108; -2,536312; 0,142656; -0,506155; 0,282475; -1,929150
274654; 2,457945; 2,543800; -1,901794; -2,536312; 0,056138; -0,501540; -0,085475; -12,6399
274664; 3,357585; 1,288000; -1,984481; -2,536312; 0,012429; -0,500518; -0,043183; -12,6493
274674; 3,451140; -0,889525; -1,984481; -2,113594; -0,153031; -0,513099; -0,163467; -19,75
274685; 3,207803; -0,146913; -1,984481; -1,690875; -0,061201; -0,518130; 0,090724; -11,633
274696; 3,408615; 1,002225; -2,067168; -1,690875; 0,065019; -0,512785; 0,124699; -7,692083
274706; 4,337078; 2,952338; -2,067168; -1,268156; 0,393827; -0,480409; 0,324847; 5,673001
274716; 5,534865; 2,149350; -2,149855; -1,268156; 0,424914; -0,445477; 0,030712; 0,241640
274725; 6,133995; 0,402500; -2,149855; -0,845437; 0,352704; -0,416482; -0,071340; -3,21709
274736; 5,892075; -1,432900; -2,149855; -0,845437; 0,145803; -0,404495; -0,204408; -11,026
274746; 5,146943; -1,740813; -2,149855; -0,845437; 0,040919; -0,401132; -0,103620; -11,043
274756; 4,455675; -1,203475; -2,149855; -0,422719; 0,067691; -0,395567; 0,026449; -7,17683
274766; 4,252028; 0,336088; -2,149855; -0,422719; 0,200748; -0,379063; 0,131454; -1,115749
274775; 4,532693; 0,859338; -2,149855; 0,000000; 0,322921; -0,352517; 0,120701; 2,169165
274784; 4,753350; 0,080500; -2,149855; 0,000000; 0,267326; -0,330540; -0,054925; -2,812831
274793; 4,587975; -0,784875; -2,149855; 0,000000; 0,164663; -0,317003; -0,101426; -6,04204
274802; 4,115002; -1,229638; -2,149855; 0,000000; 0,073257; -0,310981; -0,090305; -7,81022
274811; 3,525795; -1,279950; -2,149855; 0,000000; 0,009561; -0,310195; -0,062929; -8,65626
274820; 3,114247; -0,472938; -2,149855; 0,000000; 0,048949; -0,306171; 0,038914; -5,197814
274829; 3,125115; 0,519225; -2,149855; 0,000000; 0,148851; -0,293934; 0,098698; -1,104409
274841; 3,363255; 0,495075; -2,149855; 0,000000; 0,170164; -0,279945; 0,021057; -2,112483
274850; 3,389714; -0,382375; -2,149855; 0,000000; 0,085405; -0,272924; -0,083737; -6,45847
274859; 3,095347; -0,871413; -2,149855; 0,000000; 0,007378; -0,272317; -0,077087; -8,14347
274869; 2,623320; -1,139075; -2,149855; 0,000000; -0,066295; -0,277767; -0,072785; -9,9249
274878; 2,413529; 0,245525; -2,149855; 0,000000; 0,050716; -0,273598; 0,115601; -2,554298
274887; 2,518897; 0,203263; -2,149855; 0,000000; 0,057002; -0,268912; 0,006210; -4,897641
274896; 2,633242; 0,283763; -2,149855; 0,000000; 0,076408; -0,262631; 0,019173; -3,977375
274905; 2,552444; -0,627900; -2,149855; 0,000000; -0,022441; -0,264475; -0,097658; -9,1565
274914; 2,357774; -0,201250; -2,149855; 0,000000; 0,000664; -0,264421; 0,022827; -5,736423
274923; 2,198069; -0,478975; -2,149855; 0,000000; -0,042904; -0,267948; -0,043043; -8,4260
274932; 2,148457; 0,267663; -2,149855; 0,000000; 0,026520; -0,265768; 0,068587; -4,063345
274941; 2,063407; -0,629912; -2,149855; 0,000000; -0,071349; -0,271633; -0,096690; -10,468
274951; 1,977884; 0,265650; -2,149855; 0,000000; 0,009330; -0,270866; 0,079708; -4,329234
274959; 1,977884; -0,265650; -2,149855; 0,000000; -0,043587; -0,274449; -0,052280; -8,8170
274968; 1,967489; 0,221375; -2,149855; 0,000000; 0,003885; -0,274130; 0,046900; -5,317720
274978; 2,055375; 0,152950; -2,149855; 0,000000; 0,005824; -0,273651; 0,001915; -6,331257
274986; 2,140897; 0,211313; -2,149855; 0,000000; 0,020155; -0,271994; 0,014158; -5,659086
274995; 2,261384; 0,301875; -2,232541; -0,422719; -0,009163; -0,272748; -0,028965; -7,4017
275006; 2,344072; 0,050313; -2,232541; -0,422719; -0,025983; -0,274884; -0,016617; -7,5591
275016; 2,425815; 0,297850; -2,232541; -0,422719; 0,006813; -0,274324; 0,032401; -5,597843
275026; 2,575125; 0,338100; -2,232541; -0,422719; 0,025693; -0,272211; 0,018653; -5,425367
275035; 2,710260; 0,237475; -2,232541; -0,422719; 0,029130; -0,269817; 0,003396; -5,649771
275046; 2,796727; 0,130813; -2,232541; -0,422719; 0,027119; -0,267587; -0,001987; -5,77274
275056; 2,803815; -0,100625; -2,232541; 0,000000; 0,046877; -0,263734; 0,019520; -4,698511
275065; 2,835945; 0,237475; -2,232541; 0,000000; 0,083751; -0,256848; 0,036431; -3,253962
275074; 2,880832; -0,046288; -2,232541; 0,000000; 0,059960; -0,251919; -0,023505; -5,13011
275083; 2,845395; -0,104650; -2,232541; 0,000000; 0,050617; -0,247758; -0,009230; -4,91359
275092; 2,836417; 0,066413; -2,232541; 0,000000; 0,066761; -0,242270; 0,015949; -3,799046
275102; 2,910599; 0,249550; -2,232541; 0,000000; 0,092390; -0,234674; 0,025320; -2,784866
275112; 3,008407; 0,167038; -2,232541; 0,000000; 0,093913; -0,226954; 0,001505; -3,131806
275122; 3,043372; -0,018112; -2,232541; 0,000000; 0,078955; -0,220463; -0,014778; -3,72111
275132; 3,019747; -0,082513; -2,232541; 0,000000; 0,070187; -0,214693; -0,008662; -3,64684
275142; 3,028725; 0,120750; -2,232541; 0,000000; 0,091327; -0,207185; 0,020884; -2,261294
275154; 3,102907; 0,195212; -2,232541; 0,000000; 0,106132; -0,198460; 0,014627; -1,850049
275163; 3,163860; 0,064400; -2,232541; 0,000000; 0,099174; -0,190307; -0,006874; -2,333526
275174; 3,169530; -0,040250; -2,232541; 0,000000; 0,089315; -0,182965; -0,009740; -2,46165
275182; 3,169530; 0,040250; -2,232541; 0,000000; 0,097333; -0,174963; 0,007921; -1,659741
275193; 3,209692; 0,130813; -2,232541; 0,000000; 0,110353; -0,165891; 0,012863; -1,016067
275202; 3,273480; 0,140875; -2,232541; 0,000000; 0,117709; -0,156215; 0,007267; -0,743788
275211; 3,332542; 0,110688; -2,232541; 0,000000; 0,120585; -0,146301; 0,002841; -0,544658
275220; 3,369397; 0,046288; -2,232541; 0,000000; 0,117841; -0,136614; -0,002710; -0,511507
275229; 3,377429; -0,012075; -2,232541; 0,000000; 0,112828; -0,127338; -0,004952; -0,46339
275239; 3,515399; 0,599725; -2,232541; 0,000000; 0,187505; -0,111924; 0,073777; 3,556163
275248; 3,823942; 0,714438; -2,232541; 0,000000; 0,229661; -0,093044; 0,041648; 4,244430
275258; 4,148550; 0,668150; -2,232541; 0,000000; 0,257382; -0,071885; 0,027387; 5,068674
275267; 4,433467; 0,545388; -2,232541; 0,000000; 0,273533; -0,049398; 0,015956; 5,716454
275277; 4,685782; 0,529288; -2,149855; 0,422719; 0,347398; -0,020839; 0,072975; 9,512739
275286; 4,978732; 0,718463; -2,149855; 0,422719; 0,395418; 0,011668; 0,047441; 10,822078
275296; 5,339250; 0,817075; -2,149855; 0,422719; 0,441147; 0,047934; 0,045178; 12,720476
275306; 5,666692; 0,577587; -2,149855; 0,422719; 0,449908; 0,084921; 0,008655; 12,940076
275316; 5,987520; 0,788900; -2,149855; 0,422719; 0,502909; 0,126264; 0,052363; 16,227037
275326; 6,378277; 0,875438; -2,149855; 0,422719; 0,550447; 0,171516; 0,046966; 18,307838
275335; 6,729345; 0,619850; -2,067168; 0,422719; 0,568193; 0,218226; 0,017532; 19,141685
275345; 7,071908; 0,839213; -2,067168; 0,422719; 0,624160; 0,269538; 0,055293; 22,595043
275356; 7,462193; 0,823113; -1,984481; 0,845437; 0,711768; 0,328052; 0,086552; 26,818352
275365; 7,847280; 0,817075; -1,901794; 1,268156; 0,799859; 0,393807; 0,087030; 30,492783
275376; 7,897365; -0,603750; -1,819108; 1,690875; 0,713672; 0,452477; -0,085149; 25,738098
275385; 7,228305; -2,245950; -1,653734; 2,536312; 0,584147; 0,500499; -0,127964; 22,778154
275398; 5,789070; -3,884125; -1,571048; 2,536312; 0,285873; 0,524000; -0,294681; 12,266488
275407; 3,325455; -6,609050; -1,488361; 2,959031; -0,180567; 0,509156; -0,460820; -3,14837
275417; 1,052257; -3,073087; -1,405674; 2,959031; -0,046560; 0,505329; 0,132392; 14,075256
275426; 0,083632; -1,052538; -1,322988; 2,959031; 0,066447; 0,510791; 0,111646; 16,401997
275437; -0,276885; -0,483000; -1,322988; 2,536312; 0,045163; 0,514504; -0,021028; 12,82472
275446; -0,473445; -0,354200; -1,240301; 2,113594; 0,004547; 0,514878; -0,040127; 11,41184
275456; -1,396710; -3,578225; -1,157614; 2,113594; -0,400288; 0,481970; -0,399957; -7,5779
275467; -2,877053; -2,726938; -1,157614; 1,690875; -0,505045; 0,440451; -0,103495; -4,0020
275478; -4,142880; -2,664550; -1,074927; 1,690875; -0,616672; 0,389755; -0,110282; -8,0285
275488; -4,618688; 0,637963; -1,074927; 1,268156; -0,377235; 0,358743; 0,236552; 5,191929
275497; -3,936398; 2,268088; -1,074927; 1,268156; -0,146918; 0,346665; 0,227542; 10,173550
275507; -2,973442; 1,833387; -1,074927; 0,845437; -0,136407; 0,335452; 0,010385; 4,986423
275516; -2,569455; -0,112700; -1,074927; 0,422719; -0,332103; 0,308150; -0,193338; -5,1735
275526; -2,941785; -1,473150; -1,074927; 0,422719; -0,504687; 0,266660; -0,170506; -9,7269
275536; -3,555562; -1,141088; -1,074927; 0,000000; -0,574849; 0,219402; -0,069316; -10,113
275545; -3,761100; 0,265650; -1,074927; 0,000000; -0,455210; 0,181980; 0,118198; -3,691223
275555; -3,319785; 1,614025; -1,157614; -0,422719; -0,327295; 0,155074; 0,126374; -1,09160
275564; -2,686162; 1,084738; -1,157614; -0,422719; -0,316903; 0,129021; 0,010267; -4,22893
275574; -2,563312; -0,561488; -1,157614; -0,422719; -0,468631; 0,090496; -0,149900; -12,57
275585; -2,998485; -1,292025; -1,157614; -0,422719; -0,584736; 0,042425; -0,114706; -15,64
275595; -3,535245; -0,994175; -1,157614; -0,422719; -0,608531; -0,007601; -0,023509; -15,2
275606; -3,687862; 0,344138; -1,240301; -0,845437; -0,540775; -0,052058; 0,066940; -12,521
275615; -3,398220; 0,889525; -1,240301; -0,422719; -0,415503; -0,086216; 0,123763; -8,9989
275625; -3,125587; 0,271688; -1,322988; -0,845437; -0,500224; -0,127339; -0,083700; -16,93
275635; -3,206857; -0,617837; -1,322988; -0,845437; -0,596915; -0,176410; -0,095526; -20,6
275646; -3,458700; -0,454825; -1,405674; -1,268156; -0,656101; -0,230347; -0,058473; -22,4
275655; -3,316477; 1,060588; -1,488361; -1,690875; -0,541339; -0,274850; 0,113379; -16,733
275664; -2,637495; 1,831375; -1,571048; -1,690875; -0,405177; -0,308159; 0,134521; -13,781
275674; -1,619730; 2,503550; -1,653734; -2,113594; -0,287197; -0,331770; 0,116558; -11,962
275683; -0,443677; 2,505563; -1,653734; -1,690875; -0,127759; -0,342273; 0,157517; -7,4408
275693; 0,646380; 2,137275; -1,736421; -2,113594; -0,106209; -0,351004; 0,021290; -10,3791
275703; 1,457663; 1,318188; -1,736421; -1,690875; -0,064884; -0,356338; 0,040827; -9,05701
275712; 1,815345; 0,205275; -1,819108; -1,690875; -0,148340; -0,368533; -0,082451; -14,269
275721; 1,718010; -0,619850; -1,819108; -1,268156; -0,198115; -0,384820; -0,049175; -15,05
275733; 1,640993; 0,291813; -1,819108; -0,845437; -0,072881; -0,390811; 0,123725; -8,09447
275744; 2,016630; 1,308125; -1,819108; -0,845437; 0,065757; -0,385405; 0,136968; -4,349535
275753; 2,745225; 1,795150; -1,901794; -0,845437; 0,178597; -0,370723; 0,111481; -1,920125
275762; 3,301358; 0,573563; -1,901794; -0,845437; 0,112318; -0,361490; -0,065481; -7,49172
275771; 3,164333; -1,157187; -1,901794; -0,422719; -0,031610; -0,364088; -0,142194; -12,80
275781; 2,568983; -1,378563; -1,901794; -0,422719; -0,112956; -0,373374; -0,080366; -13,49
275793; 1,880550; -1,553650; -1,901794; -0,422719; -0,198962; -0,389731; -0,084970; -16,03
275802; 1,575788; 0,255588; -1,901794; -0,422719; -0,049117; -0,393768; 0,148040; -7,02010
275811; 1,962765; 1,392650; -1,984481; -0,422719; 0,094442; -0,386004; 0,141829; -3,565071
275822; 2,547248; 1,096813; -1,984481; -0,422719; 0,123191; -0,375877; 0,028403; -5,340073
275833; 2,760345; -0,189175; -1,984481; -0,422719; 0,016331; -0,374534; -0,105572; -11,042
275842; 2,348325; -1,565725; -1,984481; -0,422719; -0,161810; -0,387837; -0,175995; -17,27
275851; 1,510110; -2,004450; -1,984481; -0,422719; -0,288993; -0,411594; -0,125651; -19,67
275861; 0,900113; -0,593687; -1,984481; -0,422719; -0,209237; -0,428796; 0,078795; -13,315
275871; 0,931770; 0,728525; -2,067168; -0,422719; -0,082627; -0,435588; 0,125084; -9,36026
275881; 1,326308; 0,951913; -2,067168; -0,422719; -0,021082; -0,437321; 0,060804; -9,46665
275891; 1,812038; 1,116938; -2,149855; -0,845437; -0,006605; -0,437864; 0,014302; -10,2420
275902; 1,951898; -0,521238; -2,149855; -0,845437; -0,155837; -0,450676; -0,147434; -17,95
275912; 1,596578; -0,992163; -2,149855; -0,845437; -0,238131; -0,470252; -0,081303; -18,80
275921; 1,196843; -0,710413; -2,149855; -0,845437; -0,249883; -0,490795; -0,011610; -17,91
275930; 1,024380; -0,024150; -2,232541; -0,845437; -0,206944; -0,507807; 0,042422; -16,007
275938; 1,248818; 0,980088; -2,232541; -0,845437; -0,084568; -0,514759; 0,120902; -11,3910
275948; 1,972215; 2,101050; -2,315228; -0,845437; 0,090895; -0,507287; 0,173349; -5,786753
275959; 2,818463; 1,503338; -2,315228; -0,845437; 0,115649; -0,497780; 0,024456; -8,516069
275968; 3,164332; -0,030187; -2,315228; -0,845437; -0,002641; -0,497997; -0,116865; -14,70
275976; 3,071250; -0,366275; -2,397915; -1,268156; -0,095725; -0,505866; -0,091962; -16,51
275986; 2,886503; -0,420613; -2,397915; -0,845437; -0,077435; -0,512232; 0,018070; -13,609
275996; 2,843033; 0,235463; -2,397915; -0,845437; -0,016420; -0,513582; 0,060280; -11,1838
276007; 3,126060; 0,970025; -2,480602; -0,845437; 0,076697; -0,507277; 0,091995; -8,061566
276016; 3,909465; 2,366700; -2,480602; -0,845437; 0,293833; -0,483121; 0,214520; 0,600740
276027; 4,726418; 1,112913; -2,480602; -0,845437; 0,250324; -0,462542; -0,042985; -6,07626
276037; 4,997160; 0,040250; -2,480602; -0,422719; 0,212555; -0,445069; -0,037313; -6,42444
276045; 4,863443; -0,609788; -2,480602; -0,422719; 0,134493; -0,434012; -0,077121; -8,9676
276056; 4,505761; -0,913675; -2,563288; -0,845437; 0,018263; -0,432511; -0,114830; -12,597
276066; 4,266676; -0,104650; -2,563288; -0,422719; 0,117131; -0,422881; 0,097678; -4,95410
276076; 4,349363; 0,456838; -2,563288; -0,422719; 0,181291; -0,407978; 0,063387; -3,888083
276085; 4,649401; 0,821100; -2,563288; -0,422719; 0,247456; -0,387635; 0,065367; -1,781235
276095; 4,887068; 0,191188; -2,563288; -0,422719; 0,208388; -0,370503; -0,038597; -4,77886
276105; 4,864861; -0,285775; -2,563288; -0,422719; 0,158671; -0,357459; -0,049118; -5,9025
276114; 4,681531; -0,495075; -2,563288; 0,000000; 0,161667; -0,344169; 0,002961; -4,274772
276123; 4,626721; 0,261625; -2,563288; 0,000000; 0,231576; -0,325131; 0,069066; -0,583077
276132; 4,888013; 0,851288; -2,563288; 0,000000; 0,316331; -0,299126; 0,083734; 2,403308
276141; 5,182381; 0,402500; -2,563288; 0,000000; 0,300951; -0,274385; -0,015195; 0,270732
276150; 5,331219; 0,231438; -2,563288; 0,000000; 0,298737; -0,249826; -0,002187; 1,112474
276159; 5,356733; -0,122763; -2,563288; 0,000000; 0,266000; -0,227959; -0,032343; 0,135681
276169; 5,311846; -0,068425; -2,563288; 0,000000; 0,266941; -0,206014; 0,000930; 1,472793
276179; 5,415796; 0,511175; -2,563288; 0,000000; 0,335023; -0,178472; 0,067261; 5,328862
276187; 5,655353; 0,509163; -2,563288; 0,000000; 0,358682; -0,148985; 0,023374; 5,549322
276197; 5,911448; 0,581612; -2,563288; 0,000000; 0,391405; -0,116808; 0,032329; 7,307765
276205; 6,204871; 0,668150; -2,563288; 0,000000; 0,429249; -0,081520; 0,037388; 9,169461
276215; 6,460966; 0,422625; -2,480602; 0,422719; 0,480641; -0,042007; 0,050772; 11,652509
276224; 6,716588; 0,666138; -2,480602; 0,422719; 0,530354; 0,001593; 0,049115; 13,834808
276235; 6,999144; 0,537338; -2,480602; 0,422719; 0,545668; 0,046451; 0,015130; 14,458318
276244; 7,332256; 0,881475; -2,480602; 0,422719; 0,613122; 0,096856; 0,066641; 18,490938
276254; 7,748056; 0,889525; -2,397915; 0,845437; 0,705676; 0,154868; 0,091439; 22,666273
276264; 8,139286; 0,776825; -2,315228; 1,268156; 0,783756; 0,219300; 0,077139; 25,718943
276275; 8,638246; 1,348375; -2,315228; 0,845437; 0,848276; 0,289036; 0,063743; 28,596540
276285; 9,149490; 0,829150; -2,232541; 1,268156; 0,897820; 0,362845; 0,048947; 31,181219
276294; 9,452836; 0,462875; -2,149855; 1,690875; 0,941890; 0,440276; 0,043540; 33,945389
276302; 9,505283; -0,239487; -1,984481; 2,536312; 0,977836; 0,520663; 0,035512; 36,524067
276312; 8,114716; -5,683300; -1,901794; 2,536312; 0,305367; 0,545767; -0,664367; 4,446836
276321; 5,302395; -6,295100; -1,819108; 2,536312; -0,027440; 0,543511; -0,328797; 4,458910
276330; 2,419673; -5,983162; -1,736421; 2,959031; -0,233152; 0,524344; -0,203233; 2,094263
276342; 0,450293; -2,404938; -1,653734; 2,959031; -0,064675; 0,519027; 0,166447; 14,780925
276351; 0,395483; 2,171488; -1,653734; 2,536312; 0,343575; 0,547272; 0,403331; 30,813774
276360; 1,386788; 2,050738; -1,571048; 2,113594; 0,396415; 0,579861; 0,052203; 24,487606
276371; 1,901341; 0,140875; -1,488361; 2,113594; 0,265678; 0,601702; -0,129162; 17,576609
276381; 0,993196; -4,008900; -1,488361; 1,690875; -0,280194; 0,578668; -0,539295; -5,73383
276390; -1,105177; -4,928613; -1,405674; 1,690875; -0,572559; 0,531598; -0,288843; -7,8524
276401; -2,952652; -2,940263; -1,322988; 1,690875; -0,550293; 0,486359; 0,021998; -0,99845
276410; -3,581549; 0,261625; -1,322988; 1,690875; -0,294023; 0,462188; 0,253182; 10,032076
276420; -2,821297; 2,976488; -1,322988; 1,268156; 0,009996; 0,463010; 0,300356; 18,413363
276431; -1,409467; 3,036862; -1,322988; 0,845437; 0,114525; 0,472425; 0,103269; 16,433775
276441; -0,807502; -0,472938; -1,322988; 0,845437; -0,175096; 0,458030; -0,286131; -0,0761
276451; -1,490737; -2,437138; -1,240301; 0,845437; -0,430545; 0,422636; -0,252371; -6,1971
276461; -2,608672; -2,324437; -1,240301; 0,422719; -0,572769; 0,375549; -0,140511; -8,0412
276472; -3,290489; -0,579600; -1,240301; 0,422719; -0,466892; 0,337166; 0,104601; -0,59820
276480; -2,965410; 1,964200; -1,240301; 0,422719; -0,181152; 0,322274; 0,282298; 10,081431
276490; -1,796917; 3,012712; -1,240301; 0,422719; 0,039662; 0,325535; 0,218153; 13,889283
276501; -0,850027; 1,020338; -1,240301; 0,422719; -0,064468; 0,320235; -0,102876; 3,640254
276510; -0,946890; -1,432900; -1,157614; 0,422719; -0,310223; 0,294732; -0,242794; -6,1496
276519; -1,797862; -2,191613; -1,157614; 0,422719; -0,470547; 0,256049; -0,158393; -8,8783
276529; -2,472592; -0,682238; -1,157614; 0,422719; -0,387417; 0,224199; 0,082129; -1,93066
276538; -2,313832; 1,358438; -1,157614; 0,422719; -0,168353; 0,210359; 0,216424; 6,153115
276549; -1,308825; 2,922150; -1,157614; 0,422719; 0,087492; 0,217552; 0,252762; 13,281087
276559; -0,295785; 1,392650; -1,157614; 0,422719; 0,036052; 0,220516; -0,050820; 4,898769
276568; -0,136080; -0,712425; -1,157614; 0,000000; -0,199809; 0,204090; -0,233020; -5,4461
276578; -0,814117; -2,175513; -1,157614; 0,000000; -0,413066; 0,170132; -0,210687; -10,800
276588; -1,449157; -0,529288; -1,157614; 0,000000; -0,312351; 0,144454; 0,099501; -1,62849
276597; -1,460025; 0,483000; -1,157614; 0,000000; -0,212610; 0,126976; 0,098540; 0,307268
276606; -0,902947; 1,889738; -1,157614; 0,000000; -0,017014; 0,125577; 0,193239; 7,185766
276616; -0,260820; 0,845250; -1,157614; 0,000000; -0,057089; 0,120884; -0,039592; 0,576244
276627; -0,179550; -0,499100; -1,157614; 0,000000; -0,182892; 0,105848; -0,124287; -4,7935
276636; -0,594877; -1,269888; -1,157614; 0,000000; -0,301029; 0,081101; -0,116714; -8,0152
276645; -1,024852; -0,561488; -1,157614; 0,000000; -0,273298; 0,058634; 0,027397; -4,45874
276654; -1,186447; -0,126787; -1,157614; 0,000000; -0,246097; 0,038402; 0,026874; -4,30525
276663; -1,122660; 0,398475; -1,157614; 0,000000; -0,187427; 0,022994; 0,057963; -2,535014
276673; -1,012095; 0,072450; -1,157614; 0,000000; -0,208887; 0,005822; -0,021201; -5,33968
276682; -1,176997; -0,774813; -1,157614; 0,000000; -0,309699; -0,019638; -0,099597; -10,21
276693; -1,518615; -0,680225; -1,157614; 0,000000; -0,334303; -0,047121; -0,024308; -9,660
276703; -1,874407; -0,835188; -1,240301; -0,422719; -0,435512; -0,082924; -0,099990; -14,7
276711; -2,101680; -0,132825; -1,240301; -0,422719; -0,388193; -0,114837; 0,046749; -10,86
276722; -2,263747; -0,557463; -1,240301; -0,422719; -0,446629; -0,151554; -0,057732; -15,6
276730; -2,454638; -0,255588; -1,240301; -0,422719; -0,435575; -0,187362; 0,010921; -14,57
276741; -2,757037; -1,032413; -1,322988; -0,845437; -0,593404; -0,236145; -0,155928; -23,4
276750; -3,182760; -0,780850; -1,322988; -0,845437; -0,610751; -0,286354; -0,017137; -21,7
276761; -3,580605; -0,913675; -1,405674; -0,845437; -0,671841; -0,341585; -0,060354; -25,5
276771; -3,936870; -0,603750; -1,488361; -1,268156; -0,726795; -0,401334; -0,054292; -28,1
276780; -4,090905; -0,052325; -1,571048; -1,690875; -0,737553; -0,461968; -0,010629; -28,8
276791; -3,617460; 2,068850; -1,653734; -2,113594; -0,529467; -0,505494; 0,205579; -19,747
276800; -2,254297; 3,737213; -1,819108; -2,536312; -0,286101; -0,529014; 0,240434; -13,682
276809; -0,233887; 4,868237; -1,819108; -2,536312; 0,027781; -0,526731; 0,310101; -4,49637
276818; 1,784633; 3,729163; -1,901794; -2,536312; 0,107139; -0,517923; 0,078401; -7,913885
276829; 3,109523; 1,913888; -1,984481; -2,536312; 0,050061; -0,513807; -0,056390; -12,3842
276839; 3,559816; 0,004025; -1,984481; -2,113594; -0,053210; -0,518182; -0,102026; -16,033
276848; 3,300886; -1,106875; -2,067168; -2,113594; -0,197880; -0,534449; -0,142928; -20,83
276858; 3,064163; 0,098613; -2,067168; -1,268156; -0,017186; -0,535862; 0,178518; -8,91739
276868; 3,604231; 2,201675; -2,149855; -1,690875; 0,195732; -0,519771; 0,210352; -2,706845
276879; 4,754296; 2,696750; -2,149855; -1,268156; 0,401690; -0,486749; 0,203477; 2,819499
276890; 5,717251; 1,404725; -2,232541; -1,268156; 0,360679; -0,457098; -0,040517; -3,26036
276901; 5,850023; -0,839213; -2,232541; -1,268156; 0,150407; -0,444733; -0,207739; -11,953
276911; 5,215456; -1,863575; -2,232541; -0,845437; 0,027281; -0,442490; -0,121643; -12,782
276920; 4,344639; -1,845463; -2,232541; -0,845437; -0,057649; -0,447229; -0,083906; -14,01
276929; 3,876391; -0,148925; -2,232541; -0,422719; 0,106792; -0,438450; 0,162459; -4,02855
276942; 4,001604; 0,682238; -2,315228; -0,845437; 0,151708; -0,425978; 0,044375; -5,473684
276952; 4,184461; 0,096600; -2,315228; -0,422719; 0,153694; -0,413343; 0,001962; -6,135412
276961; 4,040821; -0,708400; -2,315228; -0,422719; 0,059210; -0,408476; -0,093346; -10,538
276972; 3,517291; -1,521450; -2,315228; -0,422719; -0,073914; -0,414552; -0,131519; -14,76
276981; 2,957379; -0,863363; -2,315228; -0,422719; -0,064136; -0,419825; 0,009660; -11,292
276990; 2,670099; -0,360238; -2,315228; -0,422719; -0,042637; -0,423330; 0,021239; -10,588
276998; 2,610564; 0,106663; -2,315228; 0,000000; 0,040039; -0,420038; 0,081680; -7,102837
277007; 2,634661; -0,004025; -2,315228; 0,000000; 0,031415; -0,417456; -0,008520; -9,39432
277017; 2,676714; 0,183138; -2,397915; -0,422719; 0,003906; -0,417135; -0,027177; -10,4858
277026; 2,591191; -0,547400; -2,397915; -0,422719; -0,077374; -0,423496; -0,080300; -13,83
277036; 2,288791; -0,740600; -2,397915; -0,422719; -0,126735; -0,433914; -0,048767; -14,50
277047; 2,050179; -0,275713; -2,397915; -0,422719; -0,104198; -0,442480; 0,022265; -12,486
277056; 2,087034; 0,432688; -2,480602; -0,845437; -0,080309; -0,449082; 0,023601; -12,0426
277067; 2,440936; 1,074675; -2,480602; -0,845437; 0,018881; -0,447530; 0,097996; -7,872695
277077; 2,771686; 0,334075; -2,480602; -0,422719; 0,020163; -0,445873; 0,001266; -10,10579
277086; 2,265639; -2,489463; -2,480602; -0,422719; -0,311464; -0,471478; -0,327631; -26,44
277096; 0,690796; -4,218200; -2,480602; -0,422719; -0,640500; -0,524132; -0,325072; -35,46
277106; -1,326306; -4,373163; -2,563288; -0,845437; -0,907176; -0,598710; -0,263463; -42,1
277116; -3,112356; -3,234087; -2,645975; -0,845437; -0,979850; -0,679263; -0,071799; -41,2
277126; -4,424961; -2,356637; -2,728662; -1,268156; -1,073530; -0,767516; -0,092551; -46,0
277134; -5,414848; -1,859550; -2,811348; -1,690875; -1,172952; -0,863943; -0,098223; -50,8
277145; -6,265821; -1,764963; -2,976722; -2,536312; -1,348964; -0,974840; -0,173892; -59,4
277154; -7,458411; -3,314588; -3,142095; -3,381750; -1,722766; -1,116467; -0,369298; -76,3
277165; -8,805508; -2,423050; -3,307469; -3,804469; -1,826713; -1,266639; -0,102695; -76,0
277173; -9,657426; -1,205487; -3,472842; -4,227187; -1,848869; -1,418632; -0,021889; -78,3
277183; -9,768463; 0,732550; -3,720902; -5,072625; -1,775812; -1,564619; 0,072177; -77,815
277192; -9,089952; 2,157400; -3,968963; -5,918062; -1,675230; -1,702338; 0,099371; -78,052
277201; -7,861453; 3,075100; -4,299709; -6,763499; -1,578616; -1,832114; 0,095450; -78,935
277210; -6,150058; 4,214175; -4,630456; -7,608937; -1,411857; -1,948181; 0,164750; -76,078
277221; -4,560095; 2,557888; -4,961203; -8,454374; -1,535611; -2,074422; -0,122263; -88,86
277230; -3,255050; 3,000638; -5,291950; -9,299812; -1,478679; -2,195983; 0,056246; -86,152
277242; -1,938193; 2,608200; -5,788070; -10,567967; -1,562329; -2,324420; -0,082642; -94,5
277251; -0,429028; 3,819725; -6,201504; -11,413405; -1,416732; -2,440888; 0,143843; -88,42
277260; 1,315915; 3,612438; -6,614937; -11,836124; -1,346862; -2,551612; 0,069028; -91,177
277269; 3,052824; 3,785512; -7,028371; -12,258844; -1,239908; -2,653543; 0,105665; -90,185
277277; 4,725947; 3,340750; -7,441805; -12,681562; -1,200844; -2,752263; 0,038593; -93,202
277286; 6,279054; 3,274338; -7,855239; -13,104281; -1,136050; -2,845657; 0,064013; -93,278
277295; 7,712619; 2,831588; -8,351358; -13,104281; -1,086779; -2,935000; 0,048678; -94,597
277304; 9,699481; 5,630975; -8,764792; -13,104281; -0,651246; -2,988538; 0,430285; -76,416
277315; 12,611498; 6,772063; -9,343599; -13,949718; -0,389412; -3,020551; 0,258680; -75,03
277324; 15,651562; 6,176363; -9,757032; -13,949718; -0,187131; -3,035935; 0,199844; -71,98
277335; 18,868814; 7,526750; -10,335840; -14,795155; 0,125951; -3,025581; 0,309310; -61,67
277344; 22,035982; 5,963037; -10,831960; -15,217875; 0,194139; -3,009621; 0,067366; -65,43
277353; 24,297838; 3,670800; -11,245394; -14,795155; 0,192038; -2,993834; -0,002076; -66,7
277363; 26,433538; 5,425700; -11,741514; -15,217875; 0,488025; -2,953713; 0,292421; -51,74
277372; 29,046463; 5,703425; -12,154948; -14,372437; 0,818961; -2,886388; 0,326949; -41,43
277382; 31,565834; 5,027225; -12,568381; -14,372437; 0,961363; -2,807355; 0,140686; -40,60
277391; 34,155609; 6,003287; -12,899129; -13,104281; 1,409887; -2,691450; 0,443120; -19,96
277401; 36,476997; 3,884125; -13,229875; -12,258844; 1,481292; -2,569675; 0,070545; -24,23
277412; 38,071213; 2,906050; -13,643308; -12,258844; 1,501481; -2,446240; 0,019947; -22,01
277422; 38,812096; 0,249550; -13,891369; -10,990687; 1,412287; -2,330137; -0,088120; -23,9
277431; 39,183479; 1,332275; -14,139430; -10,145249; 1,616615; -2,197237; 0,201866; -9,017
277440; 39,493912; -0,010062; -14,387489; -9,299812; 1,573336; -2,067895; -0,042758; -12,7
277449; 39,362556; -0,549413; -14,552862; -8,454374; 1,574268; -1,938476; 0,000921; -8,649
277459; 38,987389; -1,048513; -14,718236; -7,608937; 1,554926; -1,810648; -0,019110; -6,54
277468; 38,219105; -2,223813; -14,883610; -6,340781; 1,471182; -1,689703; -0,082735; -7,17
277478; 36,774670; -3,928400; -15,048982; -5,918062; 1,183171; -1,592436; -0,284541; -16,5
277487; 34,967831; -3,767400; -15,131670; -5,072625; 1,095215; -1,502400; -0,086896; -11,7
277497; 33,169968; -3,890162; -15,214355; -4,227187; 0,979891; -1,421844; -0,113935; -13,2
277507; 31,491177; -3,260250; -15,379730; -4,227187; 0,858951; -1,351231; -0,119482; -14,5
277516; 29,920113; -3,431313; -15,462416; -3,804469; 0,719303; -1,292098; -0,137966; -16,9
277526; 28,162413; -4,055188; -15,545104; -3,381750; 0,515965; -1,249681; -0,200888; -22,2
277536; 26,318247; -3,799600; -15,627789; -2,959031; 0,391610; -1,217487; -0,122857; -22,5
277545; 24,389029; -4,417438; -15,710478; -2,959031; 0,129687; -1,206826; -0,258767; -31,8
277554; 22,641251; -3,026800; -15,793163; -2,959031; 0,085881; -1,199766; -0,043279; -27,5
277563; 21,345655; -2,491475; -15,875852; -2,536312; 0,044025; -1,196146; -0,041352; -28,4
277573; 20,443180; -1,352400; -16,041224; -2,959031; 0,009016; -1,195405; -0,034587; -29,0
277581; 20,060455; -0,277725; -16,123909; -2,959031; 0,069699; -1,189675; 0,059952; -25,23
277591; 19,867676; -0,543375; -16,206598; -2,959031; 0,015804; -1,188376; -0,053246; -29,1
277600; 19,724037; -0,068425; -16,371969; -3,381750; -0,009771; -1,189179; -0,025267; -29,
277609; 19,705610; -0,010062; -16,454657; -3,381750; -0,014030; -1,190333; -0,004207; -28,
277618; 19,717896; 0,062388; -16,537344; -3,381750; -0,013826; -1,191469; 0,000202; -28,69
277628; 19,906895; 0,742613; -16,702717; -3,381750; 0,056278; -1,186843; 0,069259; -25,269
277637; 20,522089; 1,877662; -16,785404; -3,381750; 0,222367; -1,168562; 0,164088; -18,621
277646; 21,502054; 2,296263; -16,868090; -3,381750; 0,353428; -1,139507; 0,129483; -15,633
277655; 22,587858; 2,328462; -16,950777; -2,959031; 0,498649; -1,098514; 0,143471; -10,866
277664; 23,637281; 2,141300; -17,033464; -2,959031; 0,576294; -1,051137; 0,076710; -9,4793
277673; 24,427773; 1,225613; -17,116152; -2,959031; 0,555589; -1,005463; -0,020456; -11,19
277681; 24,895550; 0,766762; -17,198837; -2,536312; 0,590345; -0,956932; 0,034338; -7,9106
277691; 25,097778; 0,094587; -17,198837; -2,113594; 0,585642; -0,908787; -0,004647; -7,804
277699; 25,134161; 0,060375; -17,281525; -2,113594; 0,577622; -0,861301; -0,007923; -6,942
277708; 25,298120; 0,637963; -17,364212; -2,113594; 0,643244; -0,808421; 0,064832; -2,3891
277718; 25,491844; 0,187163; -17,364212; -1,690875; 0,659742; -0,754184; 0,016299; -1,8605
277729; 25,605246; 0,295837; -17,364212; -1,268156; 0,723964; -0,694668; 0,063448; 2,20819
277738; 25,523502; -0,644000; -17,364212; -0,845437; 0,664317; -0,640055; -0,058928; -0,82
277747; 25,128019; -1,040462; -17,364212; -0,845437; 0,585440; -0,591927; -0,077928; -2,00
277755; 24,712692; -0,728525; -17,364212; -0,422719; 0,617245; -0,541184; 0,031422; 2,5591
277765; 24,474079; -0,287787; -17,364212; 0,000000; 0,679479; -0,485325; 0,061484; 6,08664
277775; 24,563854; 0,670162; -17,364212; 0,000000; 0,783833; -0,420887; 0,103096; 11,09624
277786; 24,995247; 1,167250; -17,364212; 0,000000; 0,876309; -0,348846; 0,091362; 14,73393
277796; 25,427111; 0,672175; -17,364212; 0,000000; 0,870013; -0,277323; -0,006220; 13,9635
277805; 25,710611; 0,535325; -17,281525; 0,422719; 0,934958; -0,200462; 0,064163; 19,01569
277813; 25,975212; 0,591675; -17,281525; 0,422719; 0,966925; -0,120972; 0,031581; 20,89367
277823; 26,478897; 1,553650; -17,198837; 0,845437; 1,163243; -0,025343; 0,193953; 31,71078
277832; 27,190481; 1,477175; -17,198837; 0,845437; 1,226500; 0,075486; 0,062495; 32,487637
277842; 28,102879; 2,408962; -17,116152; 1,268156; 1,460519; 0,195554; 0,231200; 44,935055
277851; 29,085680; 1,777038; -17,033464; 1,690875; 1,545805; 0,322632; 0,084258; 46,492748
277860; 29,839317; 1,432900; -16,868090; 2,113594; 1,645165; 0,457880; 0,098163; 52,409718
277870; 29,547785; -2,674613; -16,785404; 2,536312; 1,257358; 0,561246; -0,383134; 34,1778
277879; 27,978140; -4,010912; -16,620029; 2,959031; 1,026500; 0,645633; -0,228077; 34,3823
277888; 25,050058; -8,460550; -16,454657; 3,804469; 0,392356; 0,677888; -0,626504; 10,5652
277898; 21,923525; -4,856163; -16,289284; 4,227187; 0,498524; 0,718871; 0,104889; 31,48296
277906; 20,238590; -2,320412; -16,206598; 4,227187; 0,591501; 0,767498; 0,091857; 34,54418
277918; 19,789715; 0,408538; -16,041224; 4,227187; 0,835068; 0,836148; 0,240632; 45,520180
277926; 20,143145; 1,096813; -15,875852; 4,649906; 0,997396; 0,918142; 0,160372; 49,426430
277935; 19,509523; -3,795575; -15,793163; 4,227187; 0,413138; 0,952106; -0,577218; 18,7625
277945; 17,515572; -4,697175; -15,627789; 4,227187; 0,141212; 0,963715; -0,268650; 19,9113
277953; 14,983445; -6,087812; -15,462416; 4,227187; -0,233024; 0,944558; -0,369727; 8,1382
277962; 12,609606; -4,022988; -15,379730; 4,227187; -0,255566; 0,923549; -0,022271; 15,374
277971; 11,730756; 0,279738; -15,214355; 4,227187; 0,101923; 0,931928; 0,353182; 33,024593
277980; 12,224990; 1,825338; -15,131670; 3,804469; 0,271223; 0,954224; 0,167260; 33,159718
277989; 13,173298; 2,213750; -15,048982; 3,804469; 0,412596; 0,988144; 0,139670; 36,676426
277999; 13,793690; 0,428663; -14,883610; 3,804469; 0,313064; 1,013880; -0,098333; 29,25262
278008; 13,506882; -1,650250; -14,800922; 3,381750; 0,043571; 1,017462; -0,266246; 18,9234
278018; 12,465019; -2,787313; -14,635550; 3,804469; -0,114876; 1,008018; -0,156538; 17,538
278027; 11,084846; -3,091200; -14,552862; 3,381750; -0,316476; 0,982001; -0,199171; 11,103
278036; 10,343966; -0,064400; -14,387489; 3,804469; -0,030224; 0,979516; 0,282803; 29,3356
278045; 10,573602; 1,042475; -14,304802; 3,804469; 0,111128; 0,988652; 0,139649; 29,510220
278055; 11,550731; 3,119375; -14,222116; 3,381750; 0,381442; 1,020010; 0,267057; 39,726421
278065; 12,723949; 1,877662; -14,056742; 3,804469; 0,433194; 1,055622; 0,051129; 36,665359
278074; 13,042887; -0,519225; -13,974056; 3,381750; 0,192363; 1,071436; -0,237930; 24,4254
278082; 12,548653; -1,585850; -13,808682; 3,804469; 0,095475; 1,079285; -0,095720; 25,6914
278091; 11,423630; -3,205913; -13,725996; 3,381750; -0,211802; 1,061873; -0,303576; 13,011
278101; 10,432797; -1,014300; -13,560622; 3,804469; -0,033631; 1,059108; 0,176025; 28,6072
278110; 10,219227; 0,104650; -13,395248; 4,227187; 0,115119; 1,068572; 0,146958; 31,682125
278119; 10,682750; 1,869612; -13,312562; 3,804469; 0,303209; 1,093499; 0,185824; 37,679333
278128; 11,605542; 2,060800; -13,229875; 3,804469; 0,422397; 1,128224; 0,117752; 39,723164
278138; 12,164982; 0,322000; -13,064501; 3,804469; 0,321404; 1,154646; -0,099776; 32,76842
278146; 11,757687; -2,056775; -12,899129; 4,227187; 0,102485; 1,163071; -0,216281; 24,9827
278157; 10,528715; -3,177737; -12,816442; 3,804469; -0,165435; 1,149471; -0,264693; 17,127
278166; 9,013880; -3,274338; -12,651068; 3,804469; -0,309463; 1,124030; -0,142293; 16,0065
278175; 8,027300; -0,927763; -12,568381; 3,804469; -0,165772; 1,110402; 0,141960; 25,87120
278185; 8,086835; 1,181337; -12,403008; 4,227187; 0,108798; 1,119346; 0,271262; 35,700157
278195; 8,825353; 1,964200; -12,320321; 3,804469; 0,226461; 1,137964; 0,116245; 35,254021
278207; 9,321005; 0,146913; -12,154948; 3,804469; 0,111297; 1,147113; -0,113776; 27,253183
278219; 9,018605; -1,434913; -11,989574; 4,227187; -0,017798; 1,145650; -0,127539; 23,8169
278228; 7,864288; -3,481625; -11,906888; 3,804469; -0,370488; 1,115193; -0,348441; 9,43486
278237; 6,719893; -1,392650; -11,741514; 4,227187; -0,217834; 1,097285; 0,150815; 24,53014
278247; 6,422690; 0,126787; -11,658828; 3,804469; -0,129966; 1,086600; 0,086809; 24,843884
278255; 6,604130; 0,646012; -11,576140; 3,804469; -0,051944; 1,082330; 0,077082; 26,368279
278268; 7,071433; 1,344350; -11,410768; 3,804469; 0,080625; 1,088958; 0,130972; 30,965582
278279; 7,167823; -0,933800; -11,328081; 3,381750; -0,170546; 1,074938; -0,248144; 15,6249
278288; 6,607910; -1,451013; -11,162707; 3,804469; -0,219254; 1,056913; -0,048121; 18,7985
278297; 5,730950; -2,284188; -11,080020; 3,381750; -0,423450; 1,022102; -0,201736; 9,45036
278306; 4,938568; -1,090775; -10,997334; 3,381750; -0,375272; 0,991251; 0,047598; 15,79944
278315; 4,662155; -0,086538; -10,914647; 3,381750; -0,294545; 0,967037; 0,079754; 17,91062
278324; 4,922030; 1,193413; -10,831960; 2,959031; -0,175046; 0,952647; 0,118060; 21,325258
278333; 5,525886; 1,378563; -10,749273; 2,959031; -0,088225; 0,945394; 0,085774; 22,451023
278342; 5,890656; 0,175088; -10,666587; 2,536312; -0,205627; 0,928489; -0,115988; 14,44938
278352; 5,831120; -0,428663; -10,583900; 2,536312; -0,263455; 0,906831; -0,057131; 13,9582
278364; 5,510766; -0,935812; -10,501213; 2,536312; -0,337639; 0,879074; -0,073290; 11,1463
278376; 5,214981; -0,324013; -10,418527; 2,536312; -0,297928; 0,854582; 0,039232; 14,18776
278386; 5,440363; 1,283975; -10,335840; 2,536312; -0,107089; 0,845778; 0,188540; 22,076887
278396; 6,177936; 1,857538; -10,253153; 2,536312; 0,031736; 0,848387; 0,137152; 24,220837
278406; 6,833766; 0,935812; -10,253153; 2,113594; -0,036850; 0,845358; -0,067760; 17,63685
278416; 7,182471; 0,549413; -10,170466; 2,113594; -0,032369; 0,842697; 0,004427; 19,398930
278426; 7,141836; -0,722488; -10,087780; 2,113594; -0,154862; 0,829966; -0,121017; 13,1925
278435; 6,664611; -1,310138; -10,005093; 2,113594; -0,252688; 0,809193; -0,096647; 10,9489
278444; 6,163288; -0,825125; -9,922406; 2,113594; -0,246077; 0,788963; 0,006531; 13,081373
278455; 6,097610; 0,545388; -9,922406; 1,690875; -0,158218; 0,775956; 0,086800; 16,774721
278464; 6,477501; 1,072663; -9,839720; 2,113594; -0,017526; 0,774515; 0,138997; 21,333008
278474; 7,167823; 1,867600; -9,757032; 2,113594; 0,138642; 0,785913; 0,154286; 25,686678
278483; 7,710726; 0,444763; -9,757032; 1,690875; 0,008897; 0,786644; -0,128181; 15,889533
278494; 7,718758; -0,410550; -9,674346; 1,690875; -0,067256; 0,781115; -0,075236; 15,20531
278502; 7,421083; -0,857325; -9,591660; 1,690875; -0,133168; 0,770168; -0,065118; 13,61624
278512; 7,030798; -0,805000; -9,508973; 2,113594; -0,116490; 0,760591; 0,016477; 15,728034
278521; 6,811085; -0,130813; -9,426286; 2,113594; -0,062989; 0,755413; 0,052857; 17,744778
278531; 7,081356; 1,281963; -9,426286; 1,690875; 0,062540; 0,760554; 0,124016; 22,550238
278541; 7,623786; 1,028388; -9,343599; 2,113594; 0,141648; 0,772199; 0,078155; 23,619099
278550; 8,050453; 0,788900; -9,260913; 2,113594; 0,168527; 0,786053; 0,026555; 23,360350
278559; 8,197873; -0,161000; -9,178226; 2,113594; 0,096835; 0,794014; -0,070828; 19,524321
278570; 7,848223; -1,328250; -9,095539; 2,113594; -0,046012; 0,790231; -0,141127; 14,35934
278578; 7,200898; -1,428875; -9,012853; 2,113594; -0,112273; 0,781002; -0,065462; 14,36349
278588; 6,476083; -1,658300; -8,930165; 2,536312; -0,156977; 0,768097; -0,044165; 13,49892
278596; 6,071623; -0,064400; -8,930165; 2,113594; -0,080611; 0,761470; 0,075445; 18,007235
278605; 6,107533; 0,217350; -8,847479; 2,113594; -0,040737; 0,758121; 0,039394; 18,018528
278615; 6,138245; -0,086538; -8,764792; 2,113594; -0,059709; 0,753212; -0,018744; 16,06568
278625; 6,045635; -0,307912; -8,764792; 1,690875; -0,133085; 0,742271; -0,072492; 12,77844
278636; 5,714413; -1,102850; -8,682106; 1,690875; -0,237015; 0,722787; -0,102678; 9,121283
278644; 5,287745; -0,714438; -8,599419; 1,690875; -0,232589; 0,703666; 0,004372; 11,320201
278654; 4,730196; -1,660313; -8,599419; 1,690875; -0,382331; 0,672235; -0,147937; 3,380171
278665; 4,258168; -0,350175; -8,516732; 1,690875; -0,290619; 0,648343; 0,090606; 10,674535
278674; 4,368733; 0,821100; -8,516732; 1,268156; -0,205051; 0,631486; 0,084538; 12,166025
278684; 4,876198; 1,340325; -8,434045; 1,690875; -0,052454; 0,627174; 0,150758; 17,273294
278693; 5,479580; 1,229638; -8,434045; 1,268156; -0,045484; 0,623435; 0,006886; 13,924671
278705; 5,818363; 0,213325; -8,434045; 0,845437; -0,155069; 0,610687; -0,108264; 8,270315
278715; 5,697875; -0,726513; -8,351358; 1,268156; -0,210339; 0,593395; -0,054604; 7,820281
278724; 5,284438; -1,034425; -8,351358; 0,845437; -0,324288; 0,566736; -0,112576; 3,092167
278733; 5,035903; -0,024150; -8,268672; 1,268156; -0,198081; 0,550452; 0,124687; 11,358527
278743; 5,051969; 0,092575; -8,268672; 0,845437; -0,226958; 0,531794; -0,028529; 6,578744
278752; 5,292471; 0,931787; -8,268672; 0,845437; -0,119418; 0,521977; 0,106244; 12,114345
278764; 5,830648; 1,360450; -8,268672; 0,845437; -0,023121; 0,520076; 0,095137; 14,097431
278776; 6,351816; 0,859338; -8,268672; 0,422719; -0,063226; 0,514878; -0,039622; 9,810238
278787; 6,494511; -0,251563; -8,268672; 0,422719; -0,159659; 0,501753; -0,095271; 5,876715
278798; 6,399066; -0,154962; -8,185985; 0,422719; -0,151309; 0,489314; 0,008250; 8,244173
278807; 6,300786; -0,263638; -8,185985; 0,422719; -0,171921; 0,475180; -0,020364; 6,735586
278816; 6,280941; 0,179113; -8,185985; 0,422719; -0,129800; 0,464510; 0,041614; 8,960083
278827; 6,483643; 0,684250; -8,185985; 0,422719; -0,059299; 0,459635; 0,069651; 11,190167
278839; 6,833293; 0,805000; -8,185985; 0,422719; -0,012447; 0,458611; 0,046287; 11,725035
278847; 7,081356; 0,251563; -8,185985; 0,422719; -0,042863; 0,455088; -0,030049; 9,099436
278858; 7,056786; -0,356213; -8,185985; 0,000000; -0,147947; 0,442925; -0,103818; 4,551426
278868; 6,836601; -0,581612; -8,185985; 0,000000; -0,192327; 0,427114; -0,043846; 4,546225
278879; 6,692016; -0,034213; -8,185985; 0,000000; -0,152207; 0,414602; 0,039637; 7,191228
278888; 6,759583; 0,322000; -8,185985; 0,000000; -0,109998; 0,405559; 0,041700; 8,030007
278897; 6,899444; 0,273700; -8,185985; 0,000000; -0,100879; 0,397266; 0,009010; 7,271337
278906; 6,904169; -0,253575; -8,185985; 0,000000; -0,152925; 0,384694; -0,051419; 4,294044
278915; 6,762419; -0,350175; -8,185985; 0,000000; -0,176665; 0,370170; -0,023454; 4,048860
278924; 6,537509; -0,607775; -8,185985; 0,000000; -0,224723; 0,351696; -0,047479; 1,892730
278933; 6,340477; -0,231438; -8,185985; 0,000000; -0,206864; 0,334690; 0,017644; 3,463569
278942; 6,254009; -0,136850; -8,185985; 0,000000; -0,206055; 0,317751; 0,000799; 2,678442
278952; 6,139664; -0,350175; -8,185985; 0,000000; -0,238691; 0,298128; -0,032243; 0,647487
278962; 5,807024; -1,066625; -8,185985; 0,000000; -0,343180; 0,269916; -0,103230; -4,20226
278971; 5,443199; -0,483000; -8,185985; 0,000000; -0,321288; 0,243503; 0,021628; -1,337071
278980; 5,057167; -1,161212; -8,185985; 0,000000; -0,427287; 0,208376; -0,104722; -7,70554
278992; 4,563404; -0,941850; -8,185985; 0,000000; -0,454617; 0,171003; -0,027001; -7,39561
279002; 4,185876; -0,666138; -8,268672; -0,422719; -0,515096; 0,128657; -0,059751; -10,623
279012; 3,814019; -0,917700; -8,268672; -0,422719; -0,577189; 0,081207; -0,061345; -13,269
279022; 3,400109; -0,845250; -8,268672; -0,422719; -0,611199; 0,030961; -0,033600; -14,615
279032; 2,937531; -1,124988; -8,268672; -0,422719; -0,685133; -0,025363; -0,073044; -18,65
279043; 2,285954; -1,650250; -8,351358; -0,845437; -0,852685; -0,095461; -0,165533; -26,51
279051; 1,519559; -1,614025; -8,351358; -0,845437; -0,925410; -0,171538; -0,071849; -27,82
279061; 0,774899; -1,557675; -8,434045; -0,845437; -1,002201; -0,253928; -0,075866; -31,71
279070; 0,103476; -1,302088; -8,516732; -1,268156; -1,093957; -0,343861; -0,090650; -36,39
279080; -0,582121; -1,618050; -8,599419; -1,690875; -1,244050; -0,446132; -0,148285; -43,7
279089; -1,308826; -1,477175; -8,764792; -2,536312; -1,403076; -0,561478; -0,157110; -50,5
279098; -0,832546; 3,505775; -8,847479; -2,536312; -0,867572; -0,632800; 0,529052; -23,126
279107; 1,694384; 7,257075; -9,012853; -3,381750; -0,342937; -0,660992; 0,518314; -11,5622
279116; 5,218761; 7,754162; -9,095539; -3,381750; 0,049365; -0,656934; 0,387576; -5,237928
279126; 8,081638; 4,439575; -9,260913; -3,804469; -0,054199; -0,661390; -0,102317; -19,473
279134; 9,342269; 0,929775; -9,343599; -3,804469; -0,286452; -0,684938; -0,229455; -28,591
279143; 9,174532; -1,644213; -9,426286; -3,381750; -0,525661; -0,728152; -0,236327; -35,47
279152; 8,628795; -0,680225; -9,508973; -3,381750; -0,492238; -0,768619; 0,033019; -29,234
279162; 8,681242; 0,903613; -9,591660; -2,959031; -0,295397; -0,792903; 0,194470; -21,2816
279171; 9,833198; 4,002862; -9,674346; -2,959031; 0,119787; -0,783056; 0,410182; -6,025859
279180; 12,050167; 5,439788; -9,757032; -2,536312; 0,517583; -0,740506; 0,393003; 4,049513
279192; 14,296905; 4,129650; -9,839720; -2,536312; 0,602632; -0,690964; 0,084025; -0,10254
279201; 15,269782; 0,014088; -9,922406; -2,536312; 0,281385; -0,667832; -0,317377; -16,757
279210; 14,767987; -2,151363; -9,922406; -2,113594; 0,057830; -0,663077; -0,220861; -19,66
279220; 13,691160; -2,435125; -9,922406; -1,690875; -0,035582; -0,666003; -0,092287; -18,9
279229; 12,904920; -0,913675; -10,005093; -1,690875; 0,029410; -0,663585; 0,064208; -13,57
279238; 13,061790; 1,581825; -10,087780; -1,690875; 0,285350; -0,640127; 0,252857; -2,4266
279247; 14,238787; 3,431313; -10,087780; -1,268156; 0,628891; -0,588426; 0,339402; 9,04443
279256; 15,524932; 2,046713; -10,087780; -0,845437; 0,661187; -0,534071; 0,031907; 3,78628
279264; 16,052713; 0,201250; -10,087780; -0,845437; 0,529946; -0,490505; -0,129660; -2,148
279275; 15,683691; -1,773013; -10,087780; -0,845437; 0,296555; -0,466125; -0,230579; -9,52
279283; 14,626237; -2,730963; -10,087780; -0,422719; 0,137924; -0,454787; -0,156720; -11,2
279293; 13,630679; -1,509375; -10,170466; -0,422719; 0,152201; -0,442274; 0,014105; -6,570
279304; 13,583901; 1,310138; -10,170466; -0,422719; 0,428365; -0,407059; 0,272837; 7,00341
279313; 14,226501; 1,426863; -10,170466; -0,422719; 0,503994; -0,365626; 0,074718; 5,07345
279322; 14,676795; 0,491050; -10,170466; -0,422719; 0,455636; -0,328169; -0,047775; 1,8974
279331; 14,630962; -0,686263; -10,170466; -0,422719; 0,333811; -0,300727; -0,120357; -2,07
279341; 14,137199; -1,416800; -10,170466; -0,422719; 0,211871; -0,283309; -0,120471; -4,56
279349; 13,571144; -0,994175; -10,170466; 0,000000; 0,239688; -0,263605; 0,027482; 0,08488
279360; 13,480897; 0,609788; -10,170466; 0,000000; 0,390454; -0,231506; 0,148950; 7,330894
279369; 13,909454; 1,215550; -10,170466; 0,000000; 0,493472; -0,190938; 0,101777; 9,626449
279380; 14,182086; -0,054338; -10,170466; 0,000000; 0,394145; -0,158536; -0,098130; 3,2733
279390; 14,088058; -0,346150; -10,087780; 0,422719; 0,406054; -0,125155; 0,011765; 6,96820
279401; 13,928825; -0,332063; -10,087780; 0,422719; 0,391597; -0,092962; -0,014282; 6,7703
279409; 14,027105; 0,750663; -10,087780; 0,422719; 0,509226; -0,051099; 0,116211; 13,67470
279420; 14,364470; 0,686263; -10,087780; 0,422719; 0,536413; -0,007001; 0,026860; 13,24455
279429; 14,696166; 0,726513; -10,087780; 0,422719; 0,573459; 0,040142; 0,036600; 15,480963
279439; 14,955095; 0,376337; -10,005093; 0,845437; 0,614709; 0,090677; 0,040753; 17,765215
279448; 15,212608; 0,720475; -10,005093; 0,422719; 0,632531; 0,142676; 0,017607; 18,876522
279457; 15,566037; 0,784875; -9,922406; 0,845437; 0,724485; 0,202235; 0,090846; 24,227770
279466; 15,944982; 0,829150; -9,839720; 1,268156; 0,816976; 0,269398; 0,091377; 28,041677
279475; 16,291796; 0,648025; -9,757032; 1,690875; 0,883817; 0,342056; 0,066036; 30,759724
279488; 16,634359; 0,811038; -9,674346; 2,113594; 0,984511; 0,422991; 0,099480; 35,880524
279498; 16,565847; -1,102850; -9,591660; 2,113594; 0,795299; 0,488372; -0,186932; 26,11283
279507; 15,359553; -4,035063; -9,426286; 2,959031; 0,483781; 0,528143; -0,307765; 16,76566
279517; 12,843492; -6,681500; -9,343599; 2,959031; -0,022169; 0,526320; -0,499854; 0,10233
279527; 9,925331; -5,747700; -9,260913; 2,959031; -0,211575; 0,508927; -0,187125; 2,624447
279537; 7,871373; -3,000638; -9,178226; 2,959031; -0,134306; 0,497886; 0,076338; 10,474218
279547; 7,217433; 0,215338; -9,095539; 2,959031; 0,129108; 0,508499; 0,260241; 21,377329
279557; 7,702218; 1,849488; -9,095539; 2,536312; 0,298051; 0,533002; 0,166908; 23,760963
279567; 8,132193; -0,018112; -9,012853; 2,113594; 0,120996; 0,542949; -0,174921; 11,643419
279577; 7,826013; -1,285987; -9,012853; 1,690875; -0,077882; 0,536546; -0,196483; 6,242409
279586; 6,664135; -3,662750; -8,930165; 1,690875; -0,422095; 0,501846; -0,340066; -6,19797
279596; 4,958882; -3,600363; -8,930165; 1,268156; -0,627828; 0,450233; -0,203253; -9,06780
279604; 3,851342; -1,116938; -8,930165; 0,845437; -0,532892; 0,406425; 0,093792; -0,777993
279616; 3,974665; 1,642200; -8,930165; 0,845437; -0,245799; 0,386218; 0,283634; 10,096499
279625; 5,134180; 3,296475; -8,930165; 0,422719; -0,007648; 0,385589; 0,235281; 14,600530
279636; 6,319210; 1,750875; -8,930165; 0,422719; -0,043561; 0,382008; -0,035480; 7,213492
279645; 6,510100; -0,937825; -8,930165; 0,000000; -0,334446; 0,354514; -0,287380; -6,36457
279654; 6,002635; -1,223600; -8,847479; 0,422719; -0,363114; 0,324663; -0,028323; -1,58987
279665; 5,571242; -0,613813; -8,847479; 0,422719; -0,345346; 0,296272; 0,017554; -0,750477
279675; 5,675665; 1,058575; -8,847479; 0,422719; -0,168376; 0,282430; 0,174838; 6,878389
279684; 6,369767; 1,897788; -8,847479; 0,422719; -0,015658; 0,281143; 0,150878; 9,913416
279694; 7,096472; 1,197438; -8,847479; 0,422719; -0,013033; 0,280071; 0,002593; 6,419811
279704; 7,261847; -0,493062; -8,847479; 0,422719; -0,164935; 0,266512; -0,150072; -1,15464
279714; 7,097417; -0,207288; -8,847479; 0,000000; -0,194952; 0,250486; -0,029655; 0,616153
279724; 7,044025; -0,020125; -8,847479; 0,000000; -0,181628; 0,235554; 0,013163; 1,597348
279733; 7,074265; 0,148925; -8,847479; 0,000000; -0,161779; 0,222254; 0,019610; 1,906794
279743; 7,342645; 0,994175; -8,847479; 0,000000; -0,050862; 0,218073; 0,109581; 6,590307
279752; 7,716866; 0,599725; -8,847479; 0,000000; -0,052877; 0,213726; -0,001991; 3,782359
279761; 7,865230; 0,032200; -8,847479; 0,000000; -0,094625; 0,205947; -0,041245; 1,668499
279771; 7,767423; -0,448788; -8,847479; 0,000000; -0,152273; 0,193429; -0,056953; -0,37612
279779; 7,659220; -0,012075; -8,847479; 0,000000; -0,119553; 0,183601; 0,032325; 2,294593
279788; 7,740490; 0,358225; -8,847479; 0,000000; -0,074577; 0,177470; 0,044435; 3,507800
279797; 7,807113; -0,074462; -8,847479; 0,000000; -0,111037; 0,168342; -0,036021; 0,506759
279811; 7,844913; 0,235463; -8,847479; 0,000000; -0,076403; 0,162061; 0,034216; 2,854126
279820; 7,921458; 0,090563; -8,847479; 0,000000; -0,083212; 0,155220; -0,006726; 1,554338
279830; 7,915316; -0,116725; -8,847479; 0,000000; -0,104469; 0,146632; -0,021002; 0,503830
279839; 7,933270; 0,193200; -8,847479; 0,000000; -0,071812; 0,140728; 0,032263; 2,409021
279848; 7,976740; -0,008050; -8,847479; 0,000000; -0,087527; 0,133532; -0,015526; 0,725703
279859; 7,948863; -0,110688; -8,847479; 0,000000; -0,100527; 0,125268; -0,012843; 0,283308
279868; 7,962566; 0,169050; -8,847479; 0,000000; -0,071300; 0,119407; 0,028875; 1,832889
279877; 8,039583; 0,158988; -8,847479; 0,000000; -0,064631; 0,114094; 0,006588; 1,334537
279886; 7,981938; -0,404512; -8,847479; 0,000000; -0,126497; 0,103694; -0,061121; -1,99817
279895; 7,757501; -0,551425; -8,847479; 0,000000; -0,163484; 0,090255; -0,036541; -2,61357
279906; 7,513219; -0,489038; -8,847479; 0,000000; -0,181600; 0,075325; -0,017898; -2,95651
279915; 7,325636; -0,309925; -8,847479; 0,000000; -0,182444; 0,060327; -0,000833; -2,92739
279924; 7,175854; -0,328038; -8,847479; 0,000000; -0,199166; 0,043954; -0,016521; -4,08889
279934; 6,987799; -0,472938; -8,847479; 0,000000; -0,232329; 0,024854; -0,032763; -5,71993
279943; 6,743516; -0,567525; -8,847479; 0,000000; -0,266080; 0,002980; -0,033345; -7,05821
279953; 6,494509; -0,493062; -8,930165; -0,422719; -0,333803; -0,024462; -0,066907; -10,12
279964; 6,316376; -0,265650; -8,930165; -0,422719; -0,328895; -0,051500; 0,004849; -8,9415
279973; 6,185966; -0,289800; -8,930165; -0,422719; -0,344289; -0,079803; -0,015209; -10,45
279982; 5,995076; -0,523250; -8,930165; -0,422719; -0,386553; -0,111581; -0,041755; -12,85
279991; 5,837734; -0,146913; -8,930165; -0,422719; -0,364741; -0,141566; 0,021549; -11,541
280000; 5,761661; -0,177100; -8,930165; -0,422719; -0,375325; -0,172421; -0,010456; -13,29
280008; 5,593451; -0,539350; -9,012853; -0,422719; -0,436394; -0,208297; -0,060334; -16,78
280018; 5,333104; -0,569538; -9,012853; -0,422719; -0,465332; -0,246551; -0,028589; -17,63
280028; 5,097799; -0,432688; -9,095539; -0,845437; -0,525476; -0,289750; -0,059420; -20,82
280038; 4,859187; -0,583625; -9,178226; -1,268156; -0,614614; -0,340277; -0,088064; -24,83
280049; 4,683889; -0,163013; -9,260913; -1,690875; -0,640519; -0,392933; -0,025593; -25,21
280058; 4,224147; -1,795150; -9,343599; -2,113594; -0,899208; -0,466856; -0,255573; -38,61
280067; 3,909934; 0,456838; -9,426286; -2,113594; -0,714442; -0,525589; 0,182541; -25,1783
280076; 5,298611; 5,457900; -9,508973; -2,536312; -0,128362; -0,536142; 0,579019; -2,03536
280086; 8,255044; 7,134313; -9,591660; -2,536312; 0,324834; -0,509438; 0,447736; 6,265049
280096; 11,603179; 7,126263; -9,674346; -2,536312; 0,649271; -0,456062; 0,320528; 12,23184
280105; 14,293593; 4,332913; -9,674346; -2,113594; 0,681121; -0,400067; 0,031467; 7,440963
280114; 15,603365; 1,245738; -9,674346; -1,690875; 0,546195; -0,355165; -0,133301; 1,37447
280123; 16,101379; 0,875438; -9,674346; -1,268156; 0,601018; -0,305757; 0,054163; 8,319615
280132; 16,856907; 2,342550; -9,674346; -0,845437; 0,864496; -0,234687; 0,260303; 21,19313
280142; 18,717140; 5,580663; -9,674346; -0,422719; 1,414393; -0,118412; 0,543273; 43,79177
280150; 21,889977; 7,933275; -9,591660; 0,422719; 2,057169; 0,050706; 0,635032; 65,307304
280162; 25,496096; 7,426125; -9,508973; 0,845437; 2,416165; 0,249336; 0,354670; 71,908844
280172; 28,576323; 5,693363; -9,343599; 1,690875; 2,651049; 0,467276; 0,232054; 79,770927
280182; 31,274773; 5,800025; -9,178226; 2,536312; 3,031115; 0,716460; 0,375487; 98,168144
280191; 34,644642; 8,553125; -8,930165; 3,804469; 3,791979; 1,028194; 0,751696; 132,663559
280200; 36,831844; 0,762738; -8,682106; 5,072625; 3,384916; 1,306464; -0,402158; 102,12432
280210; 34,985313; -8,627587; -8,351358; 6,340781; 2,424976; 1,505818; -0,948374; 71,01000
280220; 30,417656; -10,827250; -7,937926; 8,031655; 1,960540; 1,666992; -0,458841; 75,4450
280229; 25,378443; -10,636063; -7,607178; 8,877093; 1,594825; 1,798101; -0,361309; 72,1813
280238; 21,422201; -6,214600; -7,193745; 10,145249; 1,808647; 1,946788; 0,211246; 94,44478
280248; 19,906895; -0,239487; -6,862998; 10,567967; 2,327889; 2,138161; 0,512986; 118,5484
280258; 19,512829; -1,438938; -6,449564; 11,413405; 2,294558; 2,326793; -0,032929; 109,248
280267; 18,002247; -4,995025; -5,953444; 12,258844; 1,923537; 2,484925; -0,366551; 96,2359
280277; 15,454053; -5,858388; -5,457324; 12,681562; 1,675262; 2,622647; -0,245283; 96,4910
280285; 11,766191; -9,849175; -5,043890; 13,104281; 0,993750; 2,704342; -0,673302; 72,0187
280294; 7,222630; -9,503025; -4,547770; 13,526999; 0,667204; 2,759192; -0,322612; 73,89962
280303; 3,869770; -4,777675; -4,134336; 13,949718; 0,887185; 2,832126; 0,217330; 93,729553
280313; 2,174912; -2,441163; -3,555529; 14,795155; 1,092948; 2,921976; 0,203284; 100,43353
280325; 1,206287; -1,684463; -2,976722; 15,217875; 1,171593; 3,018291; 0,077697; 101,60907
280341; -0,008038; -3,487663; -2,149855; 16,908749; 1,121814; 3,110515; -0,049179; 99,5988
280350; -2,937065; -8,987825; -1,653734; 17,331469; 0,373783; 3,141243; -0,739018; 66,0954
280359; -6,870155; -7,764225; -1,074927; 17,754187; 0,203670; 3,157986; -0,168064; 76,0379
280368; -10,872703; -9,283663; -0,578807; 18,176905; -0,254803; 3,137039; -0,452950; 57,84
280377; -14,709874; -7,059850; -0,082687; 17,754187; -0,408183; 3,103483; -0,151532; 60,56
280389; -17,676701; -5,576638; 0,578807; 18,176905; -0,447964; 3,066656; -0,039301; 61,414
280399; -20,046288; -4,516050; 1,074927; 16,486029; -0,697338; 3,009329; -0,246370; 49,181
280409; -22,193800; -4,630763; 1,571048; 16,486029; -0,873242; 2,937541; -0,173785; 45,012
280423; -24,643715; -5,804050; 2,149855; 16,486029; -1,176463; 2,840825; -0,299569; 32,495
280431; -27,372875; -5,820150; 2,563288; 16,063311; -1,450816; 2,721555; -0,271047; 23,802
280442; -29,736319; -4,246375; 2,976722; 15,640594; -1,530392; 2,595744; -0,078617; 23,493
280452; -31,384399; -2,773225; 3,307469; 13,949718; -1,683283; 2,457363; -0,151050; 14,834
280460; -32,119610; -0,358225; 3,638216; 13,104281; -1,567240; 2,328522; 0,114646; 20,8554
280470; -32,472095; -1,143100; 3,886276; 11,836124; -1,782122; 2,182016; -0,212294; 4,4666
280478; -32,456974; 1,207500; 4,134336; 10,145249; -1,690201; 2,043066; 0,090814; 10,56379
280488; -31,915962; 1,096813; 4,299709; 8,877093; -1,757178; 1,898610; -0,066170; 1,791975
280497; -31,656561; 0,008050; 4,465083; 7,608937; -1,949619; 1,738335; -0,190123; -9,55732
280506; -31,006872; 2,759138; 4,630456; 6,763499; -1,678636; 1,600336; 0,267718; 4,509937
280516; -29,732067; 2,670588; 4,713143; 5,495344; -1,678558; 1,462344; 0,000077; -5,146124
280525; -28,217232; 3,781487; 4,795830; 4,649906; -1,493005; 1,339605; 0,183318; 0,712337
280534; -26,381098; 4,039088; 4,878516; 3,804469; -1,360439; 1,227765; 0,130969; -0,040590
280544; -24,310129; 4,781700; 4,961203; 3,381750; -1,114074; 1,136179; 0,243397; 6,321484
280554; -22,060558; 4,799812; 5,043890; 2,959031; -0,922079; 1,060375; 0,189681; 7,808976
280564; -19,582767; 5,753738; 5,043890; 2,113594; -0,664486; 1,005749; 0,254490; 14,184591
280575; -17,053001; 5,021188; 5,126576; 2,113594; -0,477248; 0,966515; 0,184982; 16,053562
280583; -14,838394; 4,411400; 5,209263; 2,113594; -0,309172; 0,941098; 0,166051; 18,999447
280593; -12,755614; 4,459700; 5,291950; 2,113594; -0,088681; 0,933808; 0,217835; 25,308613
280603; -11,043747; 2,831588; 5,291950; 1,690875; -0,122442; 0,923742; -0,033354; 18,28443
280614; -9,999522; 1,616037; 5,457324; 2,113594; -0,080932; 0,917089; 0,041010; 20,884926
280623; -9,178789; 1,879675; 5,540010; 2,536312; 0,077410; 0,923453; 0,156434; 27,554678
280632; -8,435075; 1,288000; 5,622697; 2,536312; 0,100789; 0,931738; 0,023097; 25,133905
280641; -8,025417; 0,456838; 5,705384; 2,536312; 0,067042; 0,937250; -0,033340; 23,117916
280650; -7,732467; 0,790913; 5,788070; 2,536312; 0,137730; 0,948572; 0,069836; 27,527088
280659; -7,381872; 0,702363; 5,953444; 3,381750; 0,264506; 0,970317; 0,125249; 32,382671
280668; -7,349742; -0,565513; 6,036130; 2,959031; 0,107559; 0,979159; -0,155057; 22,182415
280678; -7,739081; -1,092788; 6,118817; 2,959031; 0,024500; 0,981173; -0,082058; 21,990822
280687; -8,355222; -1,531512; 6,284191; 3,381750; -0,021991; 0,979365; -0,045930; 21,70104
280696; -9,396139; -2,902025; 6,366878; 3,381750; -0,253934; 0,958490; -0,229148; 11,31922
280705; -10,944050; -3,690925; 6,449564; 3,381750; -0,478445; 0,919158; -0,221806; 5,21206
280715; -12,555747; -3,173712; 6,532250; 2,959031; -0,621323; 0,868079; -0,141156; 2,51429
280725; -13,790389; -2,084950; 6,614937; 2,959031; -0,627617; 0,816484; -0,006218; 4,34878
280735; -14,587024; -1,308125; 6,697624; 2,959031; -0,621354; 0,765403; 0,006187; 3,577048
280746; -14,943761; -0,211313; 6,697624; 2,113594; -0,631848; 0,713459; -0,010368; 1,69628
280755; -15,054325; -0,259613; 6,780311; 2,113594; -0,639435; 0,660892; -0,007496; 0,33240
280766; -15,175758; -0,257600; 6,780311; 1,690875; -0,693432; 0,603886; -0,053347; -3,4022
280775; -15,485718; -1,062600; 6,780311; 1,268156; -0,846585; 0,534289; -0,151307; -11,038
280785; -16,075871; -1,451013; 6,780311; 0,845437; -0,986153; 0,453219; -0,137886; -15,971
280795; -16,639090; -0,947888; 6,780311; 0,422719; -1,034241; 0,368195; -0,047509; -16,989
280804; -16,912193; -0,215338; 6,780311; 0,422719; -0,988480; 0,286933; 0,045209; -15,6270
280813; -17,182463; -0,935812; 6,697624; -0,422719; -1,179600; 0,189960; -0,188817; -28,05
280821; -17,783484; -1,624088; 6,697624; -0,422719; -1,308014; 0,082429; -0,126867; -32,20
280831; -18,851807; -2,926175; 6,614937; -0,845437; -1,594445; -0,048648; -0,282980; -45,8
280839; -20,182838; -2,743038; 6,532250; -1,268156; -1,759114; -0,193263; -0,162685; -50,3
280848; -21,509146; -2,906050; 6,449564; -1,690875; -1,957788; -0,354210; -0,196281; -59,7
280858; -22,921921; -3,111325; 6,284191; -2,536312; -2,219623; -0,536683; -0,258680; -71,7
280867; -23,995441; -1,461075; 6,118817; -2,959031; -2,220754; -0,719248; -0,001118; -70,0
280876; -22,609125; 7,365750; 5,953444; -3,804469; -1,304202; -0,826465; 0,905509; -29,170
280887; -18,794632; 8,881163; 5,788070; -4,227187; -0,831918; -0,894856; 0,466594; -30,004
280896; -14,680574; 8,641676; 5,540010; -5,072625; -0,554923; -0,940476; 0,273658; -29,089
280906; -11,751547; 3,833813; 5,374637; -5,495344; -0,800629; -1,006295; -0,242746; -48,80
280915; -10,956329; -0,446775; 5,126576; -5,918062; -1,214581; -1,106144; -0,408965; -64,9
280924; -11,218094; -0,668150; 4,961203; -5,918062; -1,279173; -1,211303; -0,063814; -60,8
280933; -11,333385; 0,177100; 4,795830; -5,918062; -1,222940; -1,311840; 0,055555; -59,029
280941; -9,996682; 5,516263; 4,630456; -5,918062; -0,574495; -1,359068; 0,640632; -30,7840
280950; -6,811560; 8,050000; 4,382396; -5,918062; -0,029604; -1,361502; 0,538327; -20,3042
280959; -3,231427; 7,198713; 4,134336; -6,340781; 0,175380; -1,347084; 0,202514; -23,07597
280970; -0,229635; 5,586700; 3,886276; -6,340781; 0,289095; -1,323318; 0,112345; -21,94947
280980; 1,374975; 1,247750; 3,720902; -6,340781; 0,000284; -1,323295; -0,285332; -38,29388
280989; 1,214325; -1,932000; 3,472842; -6,763499; -0,399230; -1,356115; -0,394700; -51,191
281000; 0,514553; -1,048513; 3,307469; -6,763499; -0,397403; -1,388785; 0,001805; -42,4853
281012; 0,300510; 0,136850; 3,059409; -6,763499; -0,325366; -1,415533; 0,071169; -39,75549
281021; 1,227083; 3,809662; 2,811348; -6,763499; 0,108026; -1,406652; 0,428170; -20,725155
281029; 3,165750; 4,447625; 2,645975; -6,340781; 0,390289; -1,374567; 0,278863; -16,795589
281039; 4,772723; 2,396888; 2,480602; -6,340781; 0,329619; -1,347470; -0,059939; -25,66165
281049; 5,223960; -0,474950; 2,232541; -6,340781; 0,063821; -1,342223; -0,262596; -36,6904
281058; 4,583250; -2,254000; 2,067168; -6,340781; -0,193659; -1,358143; -0,254377; -43,004
281069; 3,522488; -2,264063; 1,901794; -5,918062; -0,274681; -1,380725; -0,080046; -41,320
281080; 2,932335; -0,249550; 1,736421; -5,495344; -0,107183; -1,389536; 0,165480; -31,6961
281089; 3,355223; 2,050738; 1,488361; -5,918062; 0,097235; -1,381542; 0,201956; -25,770269
281099; 4,291245; 1,936025; 1,322988; -5,918062; 0,162567; -1,368178; 0,064544; -27,168266
281109; 5,074178; 1,398688; 1,157614; -5,495344; 0,212660; -1,350696; 0,049489; -25,917784
281120; 4,783118; -2,638388; 0,992241; -5,495344; -0,234894; -1,370006; -0,442161; -48,739
281130; 3,383101; -3,324650; 0,826867; -5,495344; -0,459159; -1,407753; -0,221563; -49,725
281139; 1,863068; -3,149563; 0,661494; -5,495344; -0,609586; -1,457866; -0,148615; -52,763
281148; 0,998866; -0,531300; 0,496120; -5,072625; -0,409250; -1,491510; 0,197922; -40,5437
281159; 1,297958; 1,805213; 0,165373; -5,918062; -0,263892; -1,513205; 0,143607; -38,89260
281168; 2,199016; 2,032625; 0,000000; -5,918062; -0,167968; -1,527013; 0,094769; -38,10028
281176; 2,899733; 0,951913; -0,165373; -5,918062; -0,222286; -1,545287; -0,053664; -43,362
281187; 3,330181; 0,881475; -0,413434; -6,340781; -0,253239; -1,566105; -0,030580; -44,045
281197; 2,980058; -2,372737; -0,661494; -6,763499; -0,679040; -1,621928; -0,420671; -64,80
281207; 2,279341; -0,611800; -0,826867; -6,763499; -0,589913; -1,670425; 0,088053; -51,721
281218; 2,445188; 1,318188; -1,157614; -6,763499; -0,414111; -1,704468; 0,173685; -46,3069
281227; 3,457283; 2,992588; -1,405674; -7,186219; -0,213345; -1,722007; 0,198346; -41,3572
281237; 5,182853; 4,357063; -1,653734; -7,608937; 0,027614; -1,719737; 0,238056; -34,62065
281248; 6,763838; 2,376762; -1,901794; -7,608937; -0,036865; -1,722767; -0,063702; -43,412
281259; 7,568033; 1,048513; -2,149855; -7,608937; -0,113768; -1,732120; -0,075976; -45,758
281268; 8,010293; 0,835188; -2,397915; -8,031655; -0,157775; -1,745091; -0,043477; -46,341
281277; 8,309858; 0,440738; -2,645975; -7,608937; -0,149830; -1,757408; 0,007850; -45,2235
281285; 8,778106; 1,553650; -2,811348; -7,186219; 0,033285; -1,754672; 0,180909; -36,67804
281295; 9,838868; 2,964413; -3,059409; -7,186219; 0,254742; -1,733730; 0,218789; -30,00472
281303; 11,028151; 2,101050; -3,307469; -7,186219; 0,262497; -1,712150; 0,007662; -34,3331
281313; 12,103088; 2,477387; -3,472842; -6,763499; 0,432676; -1,676581; 0,168128; -25,6137
281322; 12,863813; 0,762738; -3,720902; -6,763499; 0,312958; -1,650853; -0,118275; -34,670
281333; 13,117074; 0,315962; -3,968963; -6,763499; 0,268977; -1,628740; -0,043451; -33,409
281344; 13,175664; -0,066413; -4,134336; -6,763499; 0,220257; -1,610633; -0,048133; -34,25
281352; 13,175664; 0,066413; -4,299709; -6,340781; 0,259118; -1,589331; 0,038393; -30,7576
281362; 13,531457; 1,449000; -4,547770; -6,340781; 0,407554; -1,555827; 0,146648; -23,8482
281373; 14,137674; 1,133038; -4,713143; -6,340781; 0,419992; -1,521300; 0,012288; -25,9290
281382; 14,536465; 0,565513; -4,878516; -5,918062; 0,428818; -1,486047; 0,008719; -24,9645
281391; 14,775077; 0,450800; -5,043890; -5,495344; 0,466790; -1,447673; 0,037514; -22,4611
281400; 14,902180; 0,090563; -5,209263; -5,495344; 0,427098; -1,412562; -0,039213; -24,397
281409; 14,677742; -1,046500; -5,291950; -5,072625; 0,325360; -1,385814; -0,100513; -27,64
281418; 14,296435; -0,577587; -5,457324; -4,649906; 0,359717; -1,356242; 0,033943; -22,918
281427; 14,127752; -0,140875; -5,622697; -4,649906; 0,369942; -1,325830; 0,010101; -22,518
281436; 14,156575; 0,263638; -5,705384; -4,227187; 0,446969; -1,289085; 0,076099; -18,2384
281446; 14,306357; 0,374325; -5,870757; -4,227187; 0,456441; -1,251562; 0,009358; -18,7086
281454; 14,403692; 0,040250; -5,953444; -3,804469; 0,466729; -1,213192; 0,010164; -17,5309
281464; 14,327147; -0,366275; -6,118817; -4,227187; 0,360041; -1,183594; -0,105402; -22,11
281475; 13,954818; -1,219575; -6,201504; -3,804469; 0,271835; -1,161247; -0,087143; -23,25
281483; 13,511613; -0,668150; -6,284191; -3,381750; 0,316481; -1,135229; 0,044108; -18,443
281492; 13,298514; -0,239487; -6,366878; -3,381750; 0,329716; -1,108123; 0,013075; -18,222
281503; 13,222442; -0,084525; -6,532250; -3,381750; 0,321102; -1,081726; -0,008510; -18,31
281512; 13,223387; 0,088550; -6,614937; -3,381750; 0,330199; -1,054581; 0,008987; -17,0332
281522; 12,989972; -1,082725; -6,697624; -2,959031; 0,224159; -1,036153; -0,104762; -21,82
281531; 12,661585; -0,315962; -6,780311; -2,959031; 0,259585; -1,014813; 0,035000; -17,148
281540; 12,421555; -0,706388; -6,862998; -2,959031; 0,188557; -0,999312; -0,070173; -20,97
281549; 12,115375; -0,597713; -6,945684; -2,959031; 0,160649; -0,986105; -0,027571; -20,31
281557; 12,109704; 0,573563; -7,028371; -2,536312; 0,310611; -0,960570; 0,148155; -11,9477
281567; 12,383755; 0,593687; -7,111058; -2,536312; 0,331675; -0,933303; 0,020810; -13,8289
281575; 12,594962; 0,305900; -7,193745; -2,536312; 0,315812; -0,907341; -0,015672; -14,457
281586; 12,677177; 0,044275; -7,276431; -2,536312; 0,289707; -0,883524; -0,025790; -14,752
281594; 12,551965; -0,577587; -7,276431; -2,113594; 0,257402; -0,862364; -0,031917; -15,16
281604; 12,287837; -0,547400; -7,359118; -2,113594; 0,225865; -0,843795; -0,031156; -15,45
281614; 12,083244; -0,324013; -7,441805; -2,113594; 0,219502; -0,825750; -0,006287; -14,58
281626; 12,003391; -0,016100; -7,441805; -1,690875; 0,284319; -0,802377; 0,064037; -10,810
281638; 12,156481; 0,668150; -7,524491; -1,690875; 0,359483; -0,772824; 0,074258; -8,07341
281647; 12,301538; -0,050313; -7,607178; -1,690875; 0,294136; -0,748644; -0,064559; -12,35
281657; 12,186721; -0,438725; -7,607178; -1,690875; 0,244014; -0,728584; -0,049518; -12,71
281667; 11,940076; -0,611800; -7,607178; -1,268156; 0,244313; -0,708499; 0,000295; -11,045
281676; 11,653269; -0,609788; -7,607178; -0,845437; 0,258050; -0,687285; 0,013572; -9,8967
281685; 11,683509; 0,738588; -7,689865; -1,268156; 0,345022; -0,658921; 0,085924; -5,42798
281694; 11,957559; 0,428663; -7,689865; -0,845437; 0,383551; -0,627390; 0,038065; -4,89935
281703; 12,209874; 0,646012; -7,689865; -0,422719; 0,472433; -0,588552; 0,087811; -0,67399
281713; 12,420137; 0,249550; -7,689865; -0,422719; 0,453888; -0,551238; -0,018322; -2,7541
281724; 12,345482; -0,567525; -7,689865; -0,422719; 0,365071; -0,521226; -0,087746; -5,807
281734; 12,097892; -0,487025; -7,689865; -0,422719; 0,348429; -0,492582; -0,016442; -3,823
281743; 12,056313; 0,309925; -7,689865; 0,000000; 0,465767; -0,454292; 0,115924; 3,033309
281752; 12,313352; 0,784875; -7,689865; 0,000000; 0,538673; -0,410008; 0,072028; 4,778389
281761; 12,825069; 1,394663; -7,689865; 0,000000; 0,650375; -0,356542; 0,110356; 9,623554
281770; 13,438375; 1,217563; -7,689865; 0,000000; 0,693821; -0,299503; 0,042923; 10,410474
281781; 13,832438; 0,460863; -7,689865; 0,000000; 0,657702; -0,245435; -0,035683; 8,966291
281790; 14,107906; 0,712425; -7,689865; 0,000000; 0,710194; -0,187050; 0,051860; 13,690574
281801; 14,534575; 1,104863; -7,689865; 0,000000; 0,791777; -0,121959; 0,080600; 17,867100
281811; 15,193711; 1,702575; -7,607178; 0,422719; 0,967298; -0,042439; 0,173406; 26,149174
281820; 15,979950; 1,646225; -7,607178; 0,422719; 1,039995; 0,043058; 0,071821; 27,497002
281828; 16,703819; 1,436925; -7,524491; 0,845437; 1,141585; 0,136906; 0,100366; 32,829918
281838; 17,474466; 1,845463; -7,441805; 1,268156; 1,309370; 0,244548; 0,165764; 40,944790
281847; 18,419466; 2,179538; -7,359118; 1,690875; 1,487104; 0,366801; 0,175593; 48,321377
281857; 19,447626; 2,199663; -7,276431; 2,113594; 1,641851; 0,501776; 0,152883; 54,678822
281865; 20,093061; 0,549413; -7,111058; 2,536312; 1,600346; 0,633338; -0,041006; 52,206631
281875; 18,799356; -6,059638; -6,945684; 3,381750; 0,913908; 0,708470; -0,678167; 22,48120
281885; 15,350579; -8,629601; -6,780311; 3,804469; 0,373016; 0,739135; -0,534376; 13,75654
281894; 11,626334; -7,232925; -6,614937; 4,227187; 0,199764; 0,755557; -0,171165; 18,67038
281905; 8,951511; -4,159838; -6,449564; 4,649906; 0,298005; 0,780056; 0,097058; 27,979002
281913; 7,955954; -0,080500; -6,284191; 5,072625; 0,663723; 0,834620; 0,361312; 44,277508
281923; 8,625959; 2,934225; -6,201504; 4,649906; 0,996855; 0,916570; 0,329118; 53,393898
281933; 9,107437; -0,883488; -6,118817; 4,227187; 0,630699; 0,968419; -0,361745; 29,461271
281942; 8,111407; -3,358863; -5,953444; 4,227187; 0,301418; 0,993198; -0,325314; 23,078640
281951; 5,763554; -6,641250; -5,788070; 4,227187; -0,242882; 0,973231; -0,537743; 4,585851
281962; 2,603474; -6,818350; -5,622697; 4,227187; -0,558794; 0,927293; -0,312106; 1,342693
281972; 0,146474; -3,646650; -5,457324; 4,227187; -0,471139; 0,888562; 0,086599; 12,000517
281981; -0,665753; 0,187163; -5,374637; 4,227187; -0,161954; 0,875248; 0,305460; 24,256056
281991; 0,191362; 3,463513; -5,291950; 4,227187; 0,257975; 0,896455; 0,414869; 37,364281
282001; 1,693439; 2,934225; -5,209263; 3,804469; 0,320998; 0,922844; 0,062263; 31,097748
282011; 2,384234; 0,008050; -5,126576; 3,381750; 0,064487; 0,928146; -0,253421; 17,600281
282021; 1,598939; -3,352825; -4,961203; 3,381750; -0,332001; 0,900852; -0,391710; 4,217647
282031; -0,178606; -4,218200; -4,878516; 2,959031; -0,629103; 0,849134; -0,293522; -1,7497
282044; -1,624456; -1,940050; -4,713143; 3,381750; -0,487632; 0,809047; 0,139767; 10,98051
282053; -1,545549; 2,276138; -4,630456; 3,381750; -0,051605; 0,804804; 0,430774; 28,189846
282064; -0,069459; 4,010912; -4,630456; 2,959031; 0,226095; 0,823391; 0,274354; 31,519999
282073; 1,451991; 2,469337; -4,465083; 3,381750; 0,282664; 0,846629; 0,055888; 28,218601
282083; 2,261856; 0,980088; -4,465083; 2,536312; 0,130792; 0,857381; -0,150043; 19,955494
282092; 1,980246; -2,179538; -4,299709; 2,959031; -0,153381; 0,844772; -0,280749; 9,777184
282102; 0,909561; -2,380787; -4,217022; 2,536312; -0,313933; 0,818964; -0,158618; 8,247939
282111; -0,017956; -1,569750; -4,134336; 2,536312; -0,317299; 0,792879; -0,003325; 11,2441
282120; -0,270271; 0,495075; -4,051650; 2,959031; -0,086434; 0,785773; 0,228083; 22,081474
282130; 0,473916; 2,674613; -4,051650; 2,113594; 0,120563; 0,795685; 0,204504; 26,684557
282140; 1,848891; 3,181762; -3,968963; 2,536312; 0,358361; 0,825145; 0,234933; 33,772366
282149; 2,783023; 0,796950; -3,886276; 2,113594; 0,180006; 0,839943; -0,176206; 20,089130
282159; 2,726324; -1,038450; -3,803589; 2,113594; -0,000211; 0,839926; -0,178046; 15,75401
282170; 1,900866; -2,477387; -3,720902; 2,113594; -0,217509; 0,822045; -0,214680; 9,282266
282180; 0,977129; -1,457050; -3,638216; 2,113594; -0,199653; 0,805632; 0,017642; 14,848115
282189; 0,816478; 0,772800; -3,555529; 2,536312; 0,056778; 0,810299; 0,253341; 26,676636
282200; 1,238421; 1,024363; -3,472842; 2,536312; 0,132095; 0,821159; 0,074409; 24,468161
282211; 1,864011; 1,640188; -3,390156; 2,536312; 0,263975; 0,842860; 0,130292; 29,455399
282220; 2,088921; -0,682238; -3,307469; 2,536312; 0,063298; 0,848063; -0,198259; 16,978640
282229; 1,419861; -2,167463; -3,224782; 2,536312; -0,143033; 0,836305; -0,203845; 11,65302
282238; 0,255148; -2,793350; -3,142095; 2,536312; -0,313141; 0,810562; -0,168059; 7,841963
282248; -0,846722; -1,899800; -3,059409; 2,536312; -0,325654; 0,783790; -0,012362; 10,6136
282258; -1,151484; 0,601737; -2,976722; 2,536312; -0,098620; 0,775683; 0,224299; 21,461008
282268; -0,560859; 1,913888; -2,976722; 2,113594; 0,048794; 0,779694; 0,145638; 23,193470
282279; 0,124738; 1,006250; -2,894035; 2,113594; 0,034914; 0,782565; -0,013712; 19,137302
282288; 0,213568; -0,627900; -2,811348; 2,113594; -0,110764; 0,773459; -0,143923; 12,35170
282299; -0,469194; -2,280163; -2,728662; 2,113594; -0,335097; 0,745911; -0,221630; 4,50437
282309; -1,730297; -3,091200; -2,645975; 2,113594; -0,533246; 0,702073; -0,195762; -0,6413
282318; -2,830277; -1,593900; -2,645975; 1,690875; -0,535776; 0,658028; -0,002499; 2,85124
282329; -3,104799; 0,424638; -2,563288; 2,113594; -0,311734; 0,632400; 0,221343; 12,904993
282338; -2,495747; 2,169475; -2,563288; 1,690875; -0,119389; 0,622586; 0,190027; 16,505331
282349; -1,415139; 2,433112; -2,563288; 1,268156; -0,027605; 0,620316; 0,090678; 16,271173
282358; -0,733794; 0,468912; -2,480602; 1,268156; -0,147142; 0,608220; -0,118097; 8,166227
282367; -0,916652; -1,247750; -2,480602; 0,845437; -0,378437; 0,577109; -0,228508; -0,7103
282376; -1,548857; -1,444975; -2,480602; 0,845437; -0,461048; 0,539207; -0,081616; -0,0823
282386; -2,116329; -0,972038; -2,480602; 0,422719; -0,512567; 0,497069; -0,050898; -1,5808
282395; -2,044037; 1,279950; -2,397915; 0,845437; -0,230730; 0,478101; 0,278441; 12,519347
282406; -1,279060; 1,978287; -2,397915; 0,845437; -0,084984; 0,471115; 0,143990; 12,621940
282415; -0,309017; 2,153375; -2,397915; 0,422719; -0,013031; 0,470044; 0,071085; 12,573748
282426; 0,252313; 0,237475; -2,397915; 0,422719; -0,147947; 0,457881; -0,133290; 4,205827
282436; 0,147418; -0,684250; -2,397915; 0,422719; -0,250198; 0,437313; -0,101019; 2,049886
282447; -0,166795; -0,654063; -2,397915; 0,422719; -0,278487; 0,414419; -0,027948; 2,57103
282457; -0,312797; 0,032200; -2,397915; 0,000000; -0,266780; 0,392487; 0,011566; 3,268407
282465; 0,120013; 1,811250; -2,397915; 0,000000; -0,046479; 0,388666; 0,217647; 13,329391
282475; 0,847663; 1,288000; -2,397915; 0,000000; -0,026120; 0,386519; 0,020113; 9,059793
282485; 1,161403; 0,048300; -2,397915; 0,000000; -0,118346; 0,376790; -0,091114; 3,984027
282493; 0,959645; -0,907638; -2,397915; 0,000000; -0,233652; 0,357581; -0,113917; 0,238374
282505; 0,591568; -0,660100; -2,397915; 0,000000; -0,245658; 0,337386; -0,011861; 1,901589
282514; 0,371383; -0,277725; -2,397915; 0,000000; -0,229504; 0,318519; 0,015959; 2,499387
282523; 0,482420; 0,750663; -2,397915; 0,000000; -0,116017; 0,308981; 0,112119; 7,263887
282532; 0,804193; 0,619850; -2,397915; 0,000000; -0,096998; 0,301007; 0,018790; 5,304758
282543; 0,851915; -0,416588; -2,397915; 0,000000; -0,195474; 0,284937; -0,097290; -0,18633
282552; 0,411073; -1,461075; -2,397915; 0,000000; -0,343413; 0,256706; -0,146156; -5,54436
282561; -0,093085; -0,686263; -2,397915; 0,000000; -0,316455; 0,230690; 0,026632; -1,40791
282570; -0,437537; -0,780850; -2,397915; 0,000000; -0,360184; 0,201080; -0,043202; -4,8167
282579; -0,728124; -0,456838; -2,397915; 0,000000; -0,356855; 0,171744; 0,003289; -4,32909
282589; -0,980912; -0,619850; -2,397915; 0,000000; -0,398268; 0,139002; -0,040915; -7,1471
282598; -1,366944; -1,024363; -2,397915; 0,000000; -0,477006; 0,099788; -0,077790; -10,833
282612; -1,890475; -1,205487; -2,480602; -0,422719; -0,597529; 0,050666; -0,119070; -15,85
282621; -2,507087; -1,420825; -2,480602; -0,422719; -0,680391; -0,005268; -0,081864; -18,2
282630; -3,112360; -1,157187; -2,480602; -0,422719; -0,714418; -0,063999; -0,033617; -19,3
282639; -3,582969; -0,847263; -2,480602; -0,422719; -0,730422; -0,124047; -0,015811; -20,7
282650; -4,114532; -1,416800; -2,563288; -0,845437; -0,890430; -0,197248; -0,158080; -29,6
282660; -4,802964; -1,515412; -2,645975; -1,268156; -1,019158; -0,281032; -0,127177; -33,9
282669; -5,456904; -1,269888; -2,645975; -0,845437; -1,017733; -0,364698; 0,001408; -32,88
282679; -6,064067; -1,316175; -2,811348; -1,690875; -1,183494; -0,461992; -0,163763; -43,0
282691; -6,635319; -1,116938; -2,976722; -2,536312; -1,321223; -0,570608; -0,136070; -48,2
282703; -5,656299; 5,286838; -3,142095; -3,381750; -0,686573; -0,627050; 0,627003; -16,348
282712; -3,091097; 5,639025; -3,307469; -3,804469; -0,454575; -0,664421; 0,229203; -21,185
282721; -0,334532; 6,101900; -3,390156; -3,804469; -0,142155; -0,676107; 0,308657; -12,133
282730; 1,723206; 2,662538; -3,472842; -4,227187; -0,330103; -0,703244; -0,185684; -29,024
282740; 2,493853; 0,619850; -3,638216; -4,227187; -0,473269; -0,742151; -0,141441; -32,306
282749; 2,771683; 0,563500; -3,720902; -3,804469; -0,417343; -0,776461; 0,055253; -27,1083
282759; 3,167166; 1,120963; -3,803589; -3,381750; -0,288562; -0,800183; 0,127229; -22,8932
282769; 4,715549; 5,474000; -3,968963; -3,381750; 0,282748; -0,776938; 0,564427; 1,672302
282778; 7,196173; 5,091625; -4,051650; -3,381750; 0,483498; -0,737191; 0,198331; -1,318119
282788; 9,218473; 3,521875; -4,134336; -3,381750; 0,520337; -0,694414; 0,036395; -3,278172
282798; 10,042513; -0,012075; -4,217022; -2,959031; 0,284297; -0,671043; -0,233196; -14,76
282809; 9,703259; -1,432900; -4,299709; -2,959031; 0,100757; -0,662760; -0,181328; -17,698
282818; 8,733216; -2,698763; -4,299709; -2,536312; -0,079836; -0,669323; -0,178418; -22,08
282828; 8,169996; 0,299863; -4,382396; -2,113594; 0,196597; -0,653161; 0,273103; -4,368102
282837; 8,626904; 1,646225; -4,465083; -2,113594; 0,367967; -0,622911; 0,169305; -2,038995
282846; 9,714126; 2,984538; -4,465083; -1,690875; 0,651654; -0,569339; 0,280268; 8,632927
282856; 10,669993; 1,086750; -4,465083; -1,268156; 0,599941; -0,520019; -0,051089; 0,68650
282866; 10,488554; -1,859550; -4,547770; -1,268156; 0,280183; -0,496985; -0,315906; -12,68
282875; 9,237846; -3,467538; -4,547770; -1,268156; -0,004543; -0,497359; -0,281296; -18,64
282885; 7,654026; -3,278363; -4,547770; -0,845437; -0,101347; -0,505690; -0,095638; -16,73
282896; 6,720366; -0,698338; -4,547770; -0,422719; 0,104733; -0,497080; 0,203598; -4,49402
282906; 6,778483; 0,945875; -4,547770; -0,422719; 0,274285; -0,474531; 0,167509; -0,779444
282916; 7,343121; 1,459063; -4,547770; -0,422719; 0,381637; -0,443158; 0,106058; 1,060411
282925; 7,604886; -0,344138; -4,630456; -0,422719; 0,219874; -0,425082; -0,159814; -8,6909
282936; 6,961341; -2,396888; -4,630456; -0,422719; -0,048677; -0,429084; -0,265315; -17,69
282948; 5,726226; -2,863788; -4,630456; -0,422719; -0,218197; -0,447021; -0,167478; -19,82
282959; 4,786424; -1,139075; -4,630456; -0,422719; -0,140020; -0,458532; 0,077235; -12,412
282968; 4,625773; 0,454825; -4,630456; -0,422719; 0,002731; -0,458308; 0,141032; -7,489158
282977; 5,158753; 1,815275; -4,630456; -0,422719; 0,191317; -0,442580; 0,186314; -1,546410
282988; 5,899633; 1,340325; -4,713143; -0,422719; 0,209568; -0,425351; 0,018031; -4,708387
282998; 6,135883; -0,334075; -4,713143; -0,422719; 0,066328; -0,419899; -0,141514; -11,787
283009; 5,970508; -0,370300; -4,713143; -0,422719; 0,046249; -0,416097; -0,019837; -9,2782
283019; 5,674250; -0,891538; -4,713143; -0,422719; -0,035174; -0,418988; -0,080442; -12,72
283028; 5,524467; 0,253575; -4,713143; -0,422719; 0,063961; -0,413730; 0,097940; -5,995914
283038; 5,670470; 0,368288; -4,713143; -0,422719; 0,089928; -0,406337; 0,025654; -6,922721
283047; 5,864667; 0,458850; -4,713143; 0,000000; 0,160393; -0,393151; 0,069616; -3,884338
283058; 6,004528; 0,136850; -4,713143; 0,000000; 0,142252; -0,381457; -0,017923; -6,122081
283067; 5,906720; -0,553438; -4,713143; 0,000000; 0,063758; -0,376216; -0,077549; -9,28586
283077; 5,645900; -0,557463; -4,713143; 0,000000; 0,037379; -0,373143; -0,026061; -8,61485
283087; 5,537698; 0,096600; -4,713143; 0,000000; 0,091747; -0,365600; 0,053713; -5,241441
283096; 5,716303; 0,664125; -4,713143; 0,000000; 0,166062; -0,351948; 0,073419; -2,677803
283105; 5,942158; 0,297850; -4,713143; 0,000000; 0,152076; -0,339447; -0,013817; -4,790193
283115; 5,834900; -0,754687; -4,713143; 0,000000; 0,036560; -0,336441; -0,114124; -9,85725
283124; 5,145523; -2,181550; -4,713143; 0,000000; -0,174217; -0,350763; -0,208238; -17,457
283134; 4,167448; -1,984325; -4,713143; 0,000000; -0,251990; -0,371479; -0,076836; -16,673
283144; 3,262611; -1,869612; -4,713143; 0,000000; -0,330686; -0,398664; -0,077748; -19,216
283153; 2,431956; -1,668362; -4,795830; -0,422719; -0,443713; -0,435141; -0,111665; -23,58
283163; 2,251461; 0,899588; -4,795830; -0,422719; -0,205923; -0,452070; 0,234926; -10,0730
283174; 3,014549; 2,350600; -4,795830; -0,422719; 0,014601; -0,450870; 0,217867; -5,200024
283183; 4,233126; 2,839638; -4,795830; -0,422719; 0,184680; -0,435687; 0,168029; -1,975673
283194; 5,273571; 1,591887; -4,878516; -0,845437; 0,113694; -0,426341; -0,070131; -9,11375
283203; 6,015869; 1,569750; -4,878516; -0,845437; 0,185422; -0,411097; 0,070864; -3,685996
283215; 6,617834; 0,994175; -4,878516; -0,422719; 0,230153; -0,392177; 0,044192; -2,805514
283224; 7,750416; 3,829788; -4,878516; -0,422719; 0,625385; -0,340765; 0,390470; 16,073599
283234; 10,016054; 5,820150; -4,878516; -0,422719; 1,049283; -0,254504; 0,418790; 28,89450
283245; 12,751357; 5,830213; -4,878516; -0,422719; 1,322721; -0,145765; 0,270144; 34,45477
283254; 14,608754; 2,080925; -4,795830; 0,422719; 1,226730; -0,044917; -0,094835; 25,88044
283263; 14,809093; -1,227625; -4,795830; 0,422719; 0,917152; 0,030481; -0,305848; 15,28061
283272; 13,739354; -3,328675; -4,713143; 0,845437; 0,651680; 0,084055; -0,262274; 11,27288
283281; 11,957084; -4,262475; -4,630456; 1,268156; 0,431498; 0,119528; -0,217529; 7,940389
283291; 10,265533; -2,942275; -4,547770; 1,690875; 0,444850; 0,156098; 0,013191; 14,622366
283299; 9,262889; -1,328250; -4,465083; 2,113594; 0,556082; 0,201813; 0,109892; 20,661592
